ITEM CODE,工作表名称,图片文件名,图片URL,
CE11-BKCH-HWELI-001,五金杂件及工程灯具,CE11-BKCH-HWELI-001.png,http://renli2026.oss-cn-chengdu.aliyuncs.com/materials/%E4%BA%94%E9%87%91%E6%9D%82%E4%BB%B6%E5%8F%8A%E5%B7%A5%E7%A8%8B%E7%81%AF%E5%85%B7/CE11-BKCH-HWELI-001.png,"INSERT INTO materials (code, name, image, description, price, create_time) VALUES ('CE11-BKCH-HWELI-001', '五金杂件及工程灯具', 'http://renli2026.oss-cn-chengdu.aliyuncs.com/materials/%E4%BA%94%E9%87%91%E6%9D%82%E4%BB%B6%E5%8F%8A%E5%B7%A5%E7%A8%8B%E7%81%AF%E5%85%B7/CE11-BKCH-HWELI-001.png', '', 0, NOW());"
CE11-BKCH-HWELI-002,五金杂件及工程灯具,CE11-BKCH-HWELI-002.png,http://renli2026.oss-cn-chengdu.aliyuncs.com/materials/%E4%BA%94%E9%87%91%E6%9D%82%E4%BB%B6%E5%8F%8A%E5%B7%A5%E7%A8%8B%E7%81%AF%E5%85%B7/CE11-BKCH-HWELI-002.png,"INSERT INTO materials (code, name, image, description, price, create_time) VALUES ('CE11-BKCH-HWELI-002', '五金杂件及工程灯具', 'http://renli2026.oss-cn-chengdu.aliyuncs.com/materials/%E4%BA%94%E9%87%91%E6%9D%82%E4%BB%B6%E5%8F%8A%E5%B7%A5%E7%A8%8B%E7%81%AF%E5%85%B7/CE11-BKCH-HWELI-002.png', '', 0, NOW());"
CE11-BKCH-HWELI-003,五金杂件及工程灯具,CE11-BKCH-HWELI-003.png,http://renli2026.oss-cn-chengdu.aliyuncs.com/materials/%E4%BA%94%E9%87%91%E6%9D%82%E4%BB%B6%E5%8F%8A%E5%B7%A5%E7%A8%8B%E7%81%AF%E5%85%B7/CE11-BKCH-HWELI-003.png,"INSERT INTO materials (code, name, image, description, price, create_time) VALUES ('CE11-BKCH-HWELI-003', '五金杂件及工程灯具', 'http://renli2026.oss-cn-chengdu.aliyuncs.com/materials/%E4%BA%94%E9%87%91%E6%9D%82%E4%BB%B6%E5%8F%8A%E5%B7%A5%E7%A8%8B%E7%81%AF%E5%85%B7/CE11-BKCH-HWELI-003.png', '', 0, NOW());"
CE11-BKCH-HWELI-004,五金杂件及工程灯具,CE11-BKCH-HWELI-004.png,http://renli2026.oss-cn-chengdu.aliyuncs.com/materials/%E4%BA%94%E9%87%91%E6%9D%82%E4%BB%B6%E5%8F%8A%E5%B7%A5%E7%A8%8B%E7%81%AF%E5%85%B7/CE11-BKCH-HWELI-004.png,"INSERT INTO materials (code, name, image, description, price, create_time) VALUES ('CE11-BKCH-HWELI-004', '五金杂件及工程灯具', 'http://renli2026.oss-cn-chengdu.aliyuncs.com/materials/%E4%BA%94%E9%87%91%E6%9D%82%E4%BB%B6%E5%8F%8A%E5%B7%A5%E7%A8%8B%E7%81%AF%E5%85%B7/CE11-BKCH-HWELI-004.png', '', 0, NOW());"
CE11-BKCH-HWELI-005,五金杂件及工程灯具,CE11-BKCH-HWELI-005.png,http://renli2026.oss-cn-chengdu.aliyuncs.com/materials/%E4%BA%94%E9%87%91%E6%9D%82%E4%BB%B6%E5%8F%8A%E5%B7%A5%E7%A8%8B%E7%81%AF%E5%85%B7/CE11-BKCH-HWELI-005.png,"INSERT INTO materials (code, name, image, description, price, create_time) VALUES ('CE11-BKCH-HWELI-005', '五金杂件及工程灯具', 'http://renli2026.oss-cn-chengdu.aliyuncs.com/materials/%E4%BA%94%E9%87%91%E6%9D%82%E4%BB%B6%E5%8F%8A%E5%B7%A5%E7%A8%8B%E7%81%AF%E5%85%B7/CE11-BKCH-HWELI-005.png', '', 0, NOW());"
CE11-BKCH-HWELI-006,五金杂件及工程灯具,CE11-BKCH-HWELI-006.png,http://renli2026.oss-cn-chengdu.aliyuncs.com/materials/%E4%BA%94%E9%87%91%E6%9D%82%E4%BB%B6%E5%8F%8A%E5%B7%A5%E7%A8%8B%E7%81%AF%E5%85%B7/CE11-BKCH-HWELI-006.png,"INSERT INTO materials (code, name, image, description, price, create_time) VALUES ('CE11-BKCH-HWELI-006', '五金杂件及工程灯具', 'http://renli2026.oss-cn-chengdu.aliyuncs.com/materials/%E4%BA%94%E9%87%91%E6%9D%82%E4%BB%B6%E5%8F%8A%E5%B7%A5%E7%A8%8B%E7%81%AF%E5%85%B7/CE11-BKCH-HWELI-006.png', '', 0, NOW());"
CE11-BKCH-HWELI-007,五金杂件及工程灯具,CE11-BKCH-HWELI-007.png,http://renli2026.oss-cn-chengdu.aliyuncs.com/materials/%E4%BA%94%E9%87%91%E6%9D%82%E4%BB%B6%E5%8F%8A%E5%B7%A5%E7%A8%8B%E7%81%AF%E5%85%B7/CE11-BKCH-HWELI-007.png,"INSERT INTO materials (code, name, image, description, price, create_time) VALUES ('CE11-BKCH-HWELI-007', '五金杂件及工程灯具', 'http://renli2026.oss-cn-chengdu.aliyuncs.com/materials/%E4%BA%94%E9%87%91%E6%9D%82%E4%BB%B6%E5%8F%8A%E5%B7%A5%E7%A8%8B%E7%81%AF%E5%85%B7/CE11-BKCH-HWELI-007.png', '', 0, NOW());"
CE11-BKCH-HWELI-008,五金杂件及工程灯具,CE11-BKCH-HWELI-008.png,http://renli2026.oss-cn-chengdu.aliyuncs.com/materials/%E4%BA%94%E9%87%91%E6%9D%82%E4%BB%B6%E5%8F%8A%E5%B7%A5%E7%A8%8B%E7%81%AF%E5%85%B7/CE11-BKCH-HWELI-008.png,"INSERT INTO materials (code, name, image, description, price, create_time) VALUES ('CE11-BKCH-HWELI-008', '五金杂件及工程灯具', 'http://renli2026.oss-cn-chengdu.aliyuncs.com/materials/%E4%BA%94%E9%87%91%E6%9D%82%E4%BB%B6%E5%8F%8A%E5%B7%A5%E7%A8%8B%E7%81%AF%E5%85%B7/CE11-BKCH-HWELI-008.png', '', 0, NOW());"
CE11-BKCH-HWHPS-001,五金杂件及工程灯具,CE11-BKCH-HWHPS-001.png,http://renli2026.oss-cn-chengdu.aliyuncs.com/materials/%E4%BA%94%E9%87%91%E6%9D%82%E4%BB%B6%E5%8F%8A%E5%B7%A5%E7%A8%8B%E7%81%AF%E5%85%B7/CE11-BKCH-HWHPS-001.png,"INSERT INTO materials (code, name, image, description, price, create_time) VALUES ('CE11-BKCH-HWHPS-001', '五金杂件及工程灯具', 'http://renli2026.oss-cn-chengdu.aliyuncs.com/materials/%E4%BA%94%E9%87%91%E6%9D%82%E4%BB%B6%E5%8F%8A%E5%B7%A5%E7%A8%8B%E7%81%AF%E5%85%B7/CE11-BKCH-HWHPS-001.png', '', 0, NOW());"
CE11-BKCH-HWSWI-003,五金杂件及工程灯具,CE11-BKCH-HWSWI-003.png,http://renli2026.oss-cn-chengdu.aliyuncs.com/materials/%E4%BA%94%E9%87%91%E6%9D%82%E4%BB%B6%E5%8F%8A%E5%B7%A5%E7%A8%8B%E7%81%AF%E5%85%B7/CE11-BKCH-HWSWI-003.png,"INSERT INTO materials (code, name, image, description, price, create_time) VALUES ('CE11-BKCH-HWSWI-003', '五金杂件及工程灯具', 'http://renli2026.oss-cn-chengdu.aliyuncs.com/materials/%E4%BA%94%E9%87%91%E6%9D%82%E4%BB%B6%E5%8F%8A%E5%B7%A5%E7%A8%8B%E7%81%AF%E5%85%B7/CE11-BKCH-HWSWI-003.png', '', 0, NOW());"
CE11-BKCH-HWSWI-004,五金杂件及工程灯具,CE11-BKCH-HWSWI-004.png,http://renli2026.oss-cn-chengdu.aliyuncs.com/materials/%E4%BA%94%E9%87%91%E6%9D%82%E4%BB%B6%E5%8F%8A%E5%B7%A5%E7%A8%8B%E7%81%AF%E5%85%B7/CE11-BKCH-HWSWI-004.png,"INSERT INTO materials (code, name, image, description, price, create_time) VALUES ('CE11-BKCH-HWSWI-004', '五金杂件及工程灯具', 'http://renli2026.oss-cn-chengdu.aliyuncs.com/materials/%E4%BA%94%E9%87%91%E6%9D%82%E4%BB%B6%E5%8F%8A%E5%B7%A5%E7%A8%8B%E7%81%AF%E5%85%B7/CE11-BKCH-HWSWI-004.png', '', 0, NOW());"
CE11-BKCH-HWSWI-005,五金杂件及工程灯具,CE11-BKCH-HWSWI-005.png,http://renli2026.oss-cn-chengdu.aliyuncs.com/materials/%E4%BA%94%E9%87%91%E6%9D%82%E4%BB%B6%E5%8F%8A%E5%B7%A5%E7%A8%8B%E7%81%AF%E5%85%B7/CE11-BKCH-HWSWI-005.png,"INSERT INTO materials (code, name, image, description, price, create_time) VALUES ('CE11-BKCH-HWSWI-005', '五金杂件及工程灯具', 'http://renli2026.oss-cn-chengdu.aliyuncs.com/materials/%E4%BA%94%E9%87%91%E6%9D%82%E4%BB%B6%E5%8F%8A%E5%B7%A5%E7%A8%8B%E7%81%AF%E5%85%B7/CE11-BKCH-HWSWI-005.png', '', 0, NOW());"
CE11-BKCH-HWSWI-006,五金杂件及工程灯具,CE11-BKCH-HWSWI-006.png,http://renli2026.oss-cn-chengdu.aliyuncs.com/materials/%E4%BA%94%E9%87%91%E6%9D%82%E4%BB%B6%E5%8F%8A%E5%B7%A5%E7%A8%8B%E7%81%AF%E5%85%B7/CE11-BKCH-HWSWI-006.png,"INSERT INTO materials (code, name, image, description, price, create_time) VALUES ('CE11-BKCH-HWSWI-006', '五金杂件及工程灯具', 'http://renli2026.oss-cn-chengdu.aliyuncs.com/materials/%E4%BA%94%E9%87%91%E6%9D%82%E4%BB%B6%E5%8F%8A%E5%B7%A5%E7%A8%8B%E7%81%AF%E5%85%B7/CE11-BKCH-HWSWI-006.png', '', 0, NOW());"
CE11-BKCH-HWTRA-001,五金杂件及工程灯具,CE11-BKCH-HWTRA-001.png,http://renli2026.oss-cn-chengdu.aliyuncs.com/materials/%E4%BA%94%E9%87%91%E6%9D%82%E4%BB%B6%E5%8F%8A%E5%B7%A5%E7%A8%8B%E7%81%AF%E5%85%B7/CE11-BKCH-HWTRA-001.png,"INSERT INTO materials (code, name, image, description, price, create_time) VALUES ('CE11-BKCH-HWTRA-001', '五金杂件及工程灯具', 'http://renli2026.oss-cn-chengdu.aliyuncs.com/materials/%E4%BA%94%E9%87%91%E6%9D%82%E4%BB%B6%E5%8F%8A%E5%B7%A5%E7%A8%8B%E7%81%AF%E5%85%B7/CE11-BKCH-HWTRA-001.png', '', 0, NOW());"
CE11-BKCH-HWTRA-002,五金杂件及工程灯具,CE11-BKCH-HWTRA-002.png,http://renli2026.oss-cn-chengdu.aliyuncs.com/materials/%E4%BA%94%E9%87%91%E6%9D%82%E4%BB%B6%E5%8F%8A%E5%B7%A5%E7%A8%8B%E7%81%AF%E5%85%B7/CE11-BKCH-HWTRA-002.png,"INSERT INTO materials (code, name, image, description, price, create_time) VALUES ('CE11-BKCH-HWTRA-002', '五金杂件及工程灯具', 'http://renli2026.oss-cn-chengdu.aliyuncs.com/materials/%E4%BA%94%E9%87%91%E6%9D%82%E4%BB%B6%E5%8F%8A%E5%B7%A5%E7%A8%8B%E7%81%AF%E5%85%B7/CE11-BKCH-HWTRA-002.png', '', 0, NOW());"
CE11-WHRN-HWELI-007,五金杂件及工程灯具,CE11-WHRN-HWELI-007.png,http://renli2026.oss-cn-chengdu.aliyuncs.com/materials/%E4%BA%94%E9%87%91%E6%9D%82%E4%BB%B6%E5%8F%8A%E5%B7%A5%E7%A8%8B%E7%81%AF%E5%85%B7/CE11-WHRN-HWELI-007.png,"INSERT INTO materials (code, name, image, description, price, create_time) VALUES ('CE11-WHRN-HWELI-007', '五金杂件及工程灯具', 'http://renli2026.oss-cn-chengdu.aliyuncs.com/materials/%E4%BA%94%E9%87%91%E6%9D%82%E4%BB%B6%E5%8F%8A%E5%B7%A5%E7%A8%8B%E7%81%AF%E5%85%B7/CE11-WHRN-HWELI-007.png', '', 0, NOW());"
CE11-WHRN-HWSWI-001,五金杂件及工程灯具,CE11-WHRN-HWSWI-001.png,http://renli2026.oss-cn-chengdu.aliyuncs.com/materials/%E4%BA%94%E9%87%91%E6%9D%82%E4%BB%B6%E5%8F%8A%E5%B7%A5%E7%A8%8B%E7%81%AF%E5%85%B7/CE11-WHRN-HWSWI-001.png,"INSERT INTO materials (code, name, image, description, price, create_time) VALUES ('CE11-WHRN-HWSWI-001', '五金杂件及工程灯具', 'http://renli2026.oss-cn-chengdu.aliyuncs.com/materials/%E4%BA%94%E9%87%91%E6%9D%82%E4%BB%B6%E5%8F%8A%E5%B7%A5%E7%A8%8B%E7%81%AF%E5%85%B7/CE11-WHRN-HWSWI-001.png', '', 0, NOW());"
CE11-WHRN-HWSWI-002,五金杂件及工程灯具,CE11-WHRN-HWSWI-002.png,http://renli2026.oss-cn-chengdu.aliyuncs.com/materials/%E4%BA%94%E9%87%91%E6%9D%82%E4%BB%B6%E5%8F%8A%E5%B7%A5%E7%A8%8B%E7%81%AF%E5%85%B7/CE11-WHRN-HWSWI-002.png,"INSERT INTO materials (code, name, image, description, price, create_time) VALUES ('CE11-WHRN-HWSWI-002', '五金杂件及工程灯具', 'http://renli2026.oss-cn-chengdu.aliyuncs.com/materials/%E4%BA%94%E9%87%91%E6%9D%82%E4%BB%B6%E5%8F%8A%E5%B7%A5%E7%A8%8B%E7%81%AF%E5%85%B7/CE11-WHRN-HWSWI-002.png', '', 0, NOW());"
CM03-TRBT-HWGLU-001,五金杂件及工程灯具,CM03-TRBT-HWGLU-001.png,http://renli2026.oss-cn-chengdu.aliyuncs.com/materials/%E4%BA%94%E9%87%91%E6%9D%82%E4%BB%B6%E5%8F%8A%E5%B7%A5%E7%A8%8B%E7%81%AF%E5%85%B7/CM03-TRBT-HWGLU-001.png,"INSERT INTO materials (code, name, image, description, price, create_time) VALUES ('CM03-TRBT-HWGLU-001', '五金杂件及工程灯具', 'http://renli2026.oss-cn-chengdu.aliyuncs.com/materials/%E4%BA%94%E9%87%91%E6%9D%82%E4%BB%B6%E5%8F%8A%E5%B7%A5%E7%A8%8B%E7%81%AF%E5%85%B7/CM03-TRBT-HWGLU-001.png', '', 0, NOW());"
CM05-WHRN-HWVEN-001,五金杂件及工程灯具,CM05-WHRN-HWVEN-001.png,http://renli2026.oss-cn-chengdu.aliyuncs.com/materials/%E4%BA%94%E9%87%91%E6%9D%82%E4%BB%B6%E5%8F%8A%E5%B7%A5%E7%A8%8B%E7%81%AF%E5%85%B7/CM05-WHRN-HWVEN-001.png,"INSERT INTO materials (code, name, image, description, price, create_time) VALUES ('CM05-WHRN-HWVEN-001', '五金杂件及工程灯具', 'http://renli2026.oss-cn-chengdu.aliyuncs.com/materials/%E4%BA%94%E9%87%91%E6%9D%82%E4%BB%B6%E5%8F%8A%E5%B7%A5%E7%A8%8B%E7%81%AF%E5%85%B7/CM05-WHRN-HWVEN-001.png', '', 0, NOW());"
MT06-GYQH-HWNIL-001,五金杂件及工程灯具,MT06-GYQH-HWNIL-001.png,http://renli2026.oss-cn-chengdu.aliyuncs.com/materials/%E4%BA%94%E9%87%91%E6%9D%82%E4%BB%B6%E5%8F%8A%E5%B7%A5%E7%A8%8B%E7%81%AF%E5%85%B7/MT06-GYQH-HWNIL-001.png,"INSERT INTO materials (code, name, image, description, price, create_time) VALUES ('MT06-GYQH-HWNIL-001', '五金杂件及工程灯具', 'http://renli2026.oss-cn-chengdu.aliyuncs.com/materials/%E4%BA%94%E9%87%91%E6%9D%82%E4%BB%B6%E5%8F%8A%E5%B7%A5%E7%A8%8B%E7%81%AF%E5%85%B7/MT06-GYQH-HWNIL-001.png', '', 0, NOW());"
MT08-HWRN-HWPUL-D01,五金杂件及工程灯具,MT08-HWRN-HWPUL-D01.png,http://renli2026.oss-cn-chengdu.aliyuncs.com/materials/%E4%BA%94%E9%87%91%E6%9D%82%E4%BB%B6%E5%8F%8A%E5%B7%A5%E7%A8%8B%E7%81%AF%E5%85%B7/MT08-HWRN-HWPUL-D01.png,"INSERT INTO materials (code, name, image, description, price, create_time) VALUES ('MT08-HWRN-HWPUL-D01', '五金杂件及工程灯具', 'http://renli2026.oss-cn-chengdu.aliyuncs.com/materials/%E4%BA%94%E9%87%91%E6%9D%82%E4%BB%B6%E5%8F%8A%E5%B7%A5%E7%A8%8B%E7%81%AF%E5%85%B7/MT08-HWRN-HWPUL-D01.png', '', 0, NOW());"
MT08-HWRN-HWTRK-D01,五金杂件及工程灯具,MT08-HWRN-HWTRK-D01.png,http://renli2026.oss-cn-chengdu.aliyuncs.com/materials/%E4%BA%94%E9%87%91%E6%9D%82%E4%BB%B6%E5%8F%8A%E5%B7%A5%E7%A8%8B%E7%81%AF%E5%85%B7/MT08-HWRN-HWTRK-D01.png,"INSERT INTO materials (code, name, image, description, price, create_time) VALUES ('MT08-HWRN-HWTRK-D01', '五金杂件及工程灯具', 'http://renli2026.oss-cn-chengdu.aliyuncs.com/materials/%E4%BA%94%E9%87%91%E6%9D%82%E4%BB%B6%E5%8F%8A%E5%B7%A5%E7%A8%8B%E7%81%AF%E5%85%B7/MT08-HWRN-HWTRK-D01.png', '', 0, NOW());"
MT08-MEGT-HWDAM-D01,五金杂件及工程灯具,MT08-MEGT-HWDAM-D01.png,http://renli2026.oss-cn-chengdu.aliyuncs.com/materials/%E4%BA%94%E9%87%91%E6%9D%82%E4%BB%B6%E5%8F%8A%E5%B7%A5%E7%A8%8B%E7%81%AF%E5%85%B7/MT08-MEGT-HWDAM-D01.png,"INSERT INTO materials (code, name, image, description, price, create_time) VALUES ('MT08-MEGT-HWDAM-D01', '五金杂件及工程灯具', 'http://renli2026.oss-cn-chengdu.aliyuncs.com/materials/%E4%BA%94%E9%87%91%E6%9D%82%E4%BB%B6%E5%8F%8A%E5%B7%A5%E7%A8%8B%E7%81%AF%E5%85%B7/MT08-MEGT-HWDAM-D01.png', '', 0, NOW());"
MT08-MEGT-HWNIL-001,五金杂件及工程灯具,MT08-MEGT-HWNIL-001.png,http://renli2026.oss-cn-chengdu.aliyuncs.com/materials/%E4%BA%94%E9%87%91%E6%9D%82%E4%BB%B6%E5%8F%8A%E5%B7%A5%E7%A8%8B%E7%81%AF%E5%85%B7/MT08-MEGT-HWNIL-001.png,"INSERT INTO materials (code, name, image, description, price, create_time) VALUES ('MT08-MEGT-HWNIL-001', '五金杂件及工程灯具', 'http://renli2026.oss-cn-chengdu.aliyuncs.com/materials/%E4%BA%94%E9%87%91%E6%9D%82%E4%BB%B6%E5%8F%8A%E5%B7%A5%E7%A8%8B%E7%81%AF%E5%85%B7/MT08-MEGT-HWNIL-001.png', '', 0, NOW());"
MT08-MEGT-HWNIL-002,五金杂件及工程灯具,MT08-MEGT-HWNIL-002.png,http://renli2026.oss-cn-chengdu.aliyuncs.com/materials/%E4%BA%94%E9%87%91%E6%9D%82%E4%BB%B6%E5%8F%8A%E5%B7%A5%E7%A8%8B%E7%81%AF%E5%85%B7/MT08-MEGT-HWNIL-002.png,"INSERT INTO materials (code, name, image, description, price, create_time) VALUES ('MT08-MEGT-HWNIL-002', '五金杂件及工程灯具', 'http://renli2026.oss-cn-chengdu.aliyuncs.com/materials/%E4%BA%94%E9%87%91%E6%9D%82%E4%BB%B6%E5%8F%8A%E5%B7%A5%E7%A8%8B%E7%81%AF%E5%85%B7/MT08-MEGT-HWNIL-002.png', '', 0, NOW());"
MT08-MEGT-HWNIL-003,五金杂件及工程灯具,MT08-MEGT-HWNIL-003.png,http://renli2026.oss-cn-chengdu.aliyuncs.com/materials/%E4%BA%94%E9%87%91%E6%9D%82%E4%BB%B6%E5%8F%8A%E5%B7%A5%E7%A8%8B%E7%81%AF%E5%85%B7/MT08-MEGT-HWNIL-003.png,"INSERT INTO materials (code, name, image, description, price, create_time) VALUES ('MT08-MEGT-HWNIL-003', '五金杂件及工程灯具', 'http://renli2026.oss-cn-chengdu.aliyuncs.com/materials/%E4%BA%94%E9%87%91%E6%9D%82%E4%BB%B6%E5%8F%8A%E5%B7%A5%E7%A8%8B%E7%81%AF%E5%85%B7/MT08-MEGT-HWNIL-003.png', '', 0, NOW());"
MT08-MEGT-MMCMP-003,五金杂件及工程灯具,MT08-MEGT-MMCMP-003.png,http://renli2026.oss-cn-chengdu.aliyuncs.com/materials/%E4%BA%94%E9%87%91%E6%9D%82%E4%BB%B6%E5%8F%8A%E5%B7%A5%E7%A8%8B%E7%81%AF%E5%85%B7/MT08-MEGT-MMCMP-003.png,"INSERT INTO materials (code, name, image, description, price, create_time) VALUES ('MT08-MEGT-MMCMP-003', '五金杂件及工程灯具', 'http://renli2026.oss-cn-chengdu.aliyuncs.com/materials/%E4%BA%94%E9%87%91%E6%9D%82%E4%BB%B6%E5%8F%8A%E5%B7%A5%E7%A8%8B%E7%81%AF%E5%85%B7/MT08-MEGT-MMCMP-003.png', '', 0, NOW());"
MT01-NTBX-EQKAT-001,厨房电器及设备,MT01-NTBX-EQKAT-001.png,http://renli2026.oss-cn-chengdu.aliyuncs.com/materials/%E5%8E%A8%E6%88%BF%E7%94%B5%E5%99%A8%E5%8F%8A%E8%AE%BE%E5%A4%87/MT01-NTBX-EQKAT-001.png,"INSERT INTO materials (code, name, image, description, price, create_time) VALUES ('MT01-NTBX-EQKAT-001', '厨房电器及设备', 'http://renli2026.oss-cn-chengdu.aliyuncs.com/materials/%E5%8E%A8%E6%88%BF%E7%94%B5%E5%99%A8%E5%8F%8A%E8%AE%BE%E5%A4%87/MT01-NTBX-EQKAT-001.png', '', 0, NOW());"
MT01-NTBX-EQKAT-002,厨房电器及设备,MT01-NTBX-EQKAT-002.png,http://renli2026.oss-cn-chengdu.aliyuncs.com/materials/%E5%8E%A8%E6%88%BF%E7%94%B5%E5%99%A8%E5%8F%8A%E8%AE%BE%E5%A4%87/MT01-NTBX-EQKAT-002.png,"INSERT INTO materials (code, name, image, description, price, create_time) VALUES ('MT01-NTBX-EQKAT-002', '厨房电器及设备', 'http://renli2026.oss-cn-chengdu.aliyuncs.com/materials/%E5%8E%A8%E6%88%BF%E7%94%B5%E5%99%A8%E5%8F%8A%E8%AE%BE%E5%A4%87/MT01-NTBX-EQKAT-002.png', '', 0, NOW());"
MT01-NTBX-EQKAT-003,厨房电器及设备,MT01-NTBX-EQKAT-003.png,http://renli2026.oss-cn-chengdu.aliyuncs.com/materials/%E5%8E%A8%E6%88%BF%E7%94%B5%E5%99%A8%E5%8F%8A%E8%AE%BE%E5%A4%87/MT01-NTBX-EQKAT-003.png,"INSERT INTO materials (code, name, image, description, price, create_time) VALUES ('MT01-NTBX-EQKAT-003', '厨房电器及设备', 'http://renli2026.oss-cn-chengdu.aliyuncs.com/materials/%E5%8E%A8%E6%88%BF%E7%94%B5%E5%99%A8%E5%8F%8A%E8%AE%BE%E5%A4%87/MT01-NTBX-EQKAT-003.png', '', 0, NOW());"
MT01-NTBX-EQKAT-004,厨房电器及设备,MT01-NTBX-EQKAT-004.png,http://renli2026.oss-cn-chengdu.aliyuncs.com/materials/%E5%8E%A8%E6%88%BF%E7%94%B5%E5%99%A8%E5%8F%8A%E8%AE%BE%E5%A4%87/MT01-NTBX-EQKAT-004.png,"INSERT INTO materials (code, name, image, description, price, create_time) VALUES ('MT01-NTBX-EQKAT-004', '厨房电器及设备', 'http://renli2026.oss-cn-chengdu.aliyuncs.com/materials/%E5%8E%A8%E6%88%BF%E7%94%B5%E5%99%A8%E5%8F%8A%E8%AE%BE%E5%A4%87/MT01-NTBX-EQKAT-004.png', '', 0, NOW());"
MT01-NTBX-EQKAT-005,厨房电器及设备,MT01-NTBX-EQKAT-005.png,http://renli2026.oss-cn-chengdu.aliyuncs.com/materials/%E5%8E%A8%E6%88%BF%E7%94%B5%E5%99%A8%E5%8F%8A%E8%AE%BE%E5%A4%87/MT01-NTBX-EQKAT-005.png,"INSERT INTO materials (code, name, image, description, price, create_time) VALUES ('MT01-NTBX-EQKAT-005', '厨房电器及设备', 'http://renli2026.oss-cn-chengdu.aliyuncs.com/materials/%E5%8E%A8%E6%88%BF%E7%94%B5%E5%99%A8%E5%8F%8A%E8%AE%BE%E5%A4%87/MT01-NTBX-EQKAT-005.png', '', 0, NOW());"
MT01-NTBX-EQKAT-006,厨房电器及设备,MT01-NTBX-EQKAT-006.png,http://renli2026.oss-cn-chengdu.aliyuncs.com/materials/%E5%8E%A8%E6%88%BF%E7%94%B5%E5%99%A8%E5%8F%8A%E8%AE%BE%E5%A4%87/MT01-NTBX-EQKAT-006.png,"INSERT INTO materials (code, name, image, description, price, create_time) VALUES ('MT01-NTBX-EQKAT-006', '厨房电器及设备', 'http://renli2026.oss-cn-chengdu.aliyuncs.com/materials/%E5%8E%A8%E6%88%BF%E7%94%B5%E5%99%A8%E5%8F%8A%E8%AE%BE%E5%A4%87/MT01-NTBX-EQKAT-006.png', '', 0, NOW());"
MT01-NTBX-EQKAT-007,厨房电器及设备,MT01-NTBX-EQKAT-007.png,http://renli2026.oss-cn-chengdu.aliyuncs.com/materials/%E5%8E%A8%E6%88%BF%E7%94%B5%E5%99%A8%E5%8F%8A%E8%AE%BE%E5%A4%87/MT01-NTBX-EQKAT-007.png,"INSERT INTO materials (code, name, image, description, price, create_time) VALUES ('MT01-NTBX-EQKAT-007', '厨房电器及设备', 'http://renli2026.oss-cn-chengdu.aliyuncs.com/materials/%E5%8E%A8%E6%88%BF%E7%94%B5%E5%99%A8%E5%8F%8A%E8%AE%BE%E5%A4%87/MT01-NTBX-EQKAT-007.png', '', 0, NOW());"
MT01-NTBX-EQKAT-008,厨房电器及设备,MT01-NTBX-EQKAT-008.png,http://renli2026.oss-cn-chengdu.aliyuncs.com/materials/%E5%8E%A8%E6%88%BF%E7%94%B5%E5%99%A8%E5%8F%8A%E8%AE%BE%E5%A4%87/MT01-NTBX-EQKAT-008.png,"INSERT INTO materials (code, name, image, description, price, create_time) VALUES ('MT01-NTBX-EQKAT-008', '厨房电器及设备', 'http://renli2026.oss-cn-chengdu.aliyuncs.com/materials/%E5%8E%A8%E6%88%BF%E7%94%B5%E5%99%A8%E5%8F%8A%E8%AE%BE%E5%A4%87/MT01-NTBX-EQKAT-008.png', '', 0, NOW());"
MT01-NTBX-EQKAT-009,厨房电器及设备,MT01-NTBX-EQKAT-009.png,http://renli2026.oss-cn-chengdu.aliyuncs.com/materials/%E5%8E%A8%E6%88%BF%E7%94%B5%E5%99%A8%E5%8F%8A%E8%AE%BE%E5%A4%87/MT01-NTBX-EQKAT-009.png,"INSERT INTO materials (code, name, image, description, price, create_time) VALUES ('MT01-NTBX-EQKAT-009', '厨房电器及设备', 'http://renli2026.oss-cn-chengdu.aliyuncs.com/materials/%E5%8E%A8%E6%88%BF%E7%94%B5%E5%99%A8%E5%8F%8A%E8%AE%BE%E5%A4%87/MT01-NTBX-EQKAT-009.png', '', 0, NOW());"
MT01-NTBX-EQKAT-010,厨房电器及设备,MT01-NTBX-EQKAT-010.png,http://renli2026.oss-cn-chengdu.aliyuncs.com/materials/%E5%8E%A8%E6%88%BF%E7%94%B5%E5%99%A8%E5%8F%8A%E8%AE%BE%E5%A4%87/MT01-NTBX-EQKAT-010.png,"INSERT INTO materials (code, name, image, description, price, create_time) VALUES ('MT01-NTBX-EQKAT-010', '厨房电器及设备', 'http://renli2026.oss-cn-chengdu.aliyuncs.com/materials/%E5%8E%A8%E6%88%BF%E7%94%B5%E5%99%A8%E5%8F%8A%E8%AE%BE%E5%A4%87/MT01-NTBX-EQKAT-010.png', '', 0, NOW());"
MT01-NTBX-EQKAT-011,厨房电器及设备,MT01-NTBX-EQKAT-011.png,http://renli2026.oss-cn-chengdu.aliyuncs.com/materials/%E5%8E%A8%E6%88%BF%E7%94%B5%E5%99%A8%E5%8F%8A%E8%AE%BE%E5%A4%87/MT01-NTBX-EQKAT-011.png,"INSERT INTO materials (code, name, image, description, price, create_time) VALUES ('MT01-NTBX-EQKAT-011', '厨房电器及设备', 'http://renli2026.oss-cn-chengdu.aliyuncs.com/materials/%E5%8E%A8%E6%88%BF%E7%94%B5%E5%99%A8%E5%8F%8A%E8%AE%BE%E5%A4%87/MT01-NTBX-EQKAT-011.png', '', 0, NOW());"
MT01-NTBX-EQKAT-012,厨房电器及设备,MT01-NTBX-EQKAT-012.png,http://renli2026.oss-cn-chengdu.aliyuncs.com/materials/%E5%8E%A8%E6%88%BF%E7%94%B5%E5%99%A8%E5%8F%8A%E8%AE%BE%E5%A4%87/MT01-NTBX-EQKAT-012.png,"INSERT INTO materials (code, name, image, description, price, create_time) VALUES ('MT01-NTBX-EQKAT-012', '厨房电器及设备', 'http://renli2026.oss-cn-chengdu.aliyuncs.com/materials/%E5%8E%A8%E6%88%BF%E7%94%B5%E5%99%A8%E5%8F%8A%E8%AE%BE%E5%A4%87/MT01-NTBX-EQKAT-012.png', '', 0, NOW());"
MT01-NTBX-EQKAT-013,厨房电器及设备,MT01-NTBX-EQKAT-013.png,http://renli2026.oss-cn-chengdu.aliyuncs.com/materials/%E5%8E%A8%E6%88%BF%E7%94%B5%E5%99%A8%E5%8F%8A%E8%AE%BE%E5%A4%87/MT01-NTBX-EQKAT-013.png,"INSERT INTO materials (code, name, image, description, price, create_time) VALUES ('MT01-NTBX-EQKAT-013', '厨房电器及设备', 'http://renli2026.oss-cn-chengdu.aliyuncs.com/materials/%E5%8E%A8%E6%88%BF%E7%94%B5%E5%99%A8%E5%8F%8A%E8%AE%BE%E5%A4%87/MT01-NTBX-EQKAT-013.png', '', 0, NOW());"
MT01-NTBX-EQKAT-014,厨房电器及设备,MT01-NTBX-EQKAT-014.png,http://renli2026.oss-cn-chengdu.aliyuncs.com/materials/%E5%8E%A8%E6%88%BF%E7%94%B5%E5%99%A8%E5%8F%8A%E8%AE%BE%E5%A4%87/MT01-NTBX-EQKAT-014.png,"INSERT INTO materials (code, name, image, description, price, create_time) VALUES ('MT01-NTBX-EQKAT-014', '厨房电器及设备', 'http://renli2026.oss-cn-chengdu.aliyuncs.com/materials/%E5%8E%A8%E6%88%BF%E7%94%B5%E5%99%A8%E5%8F%8A%E8%AE%BE%E5%A4%87/MT01-NTBX-EQKAT-014.png', '', 0, NOW());"
MT01-NTBX-EQKAT-015,厨房电器及设备,MT01-NTBX-EQKAT-015.png,http://renli2026.oss-cn-chengdu.aliyuncs.com/materials/%E5%8E%A8%E6%88%BF%E7%94%B5%E5%99%A8%E5%8F%8A%E8%AE%BE%E5%A4%87/MT01-NTBX-EQKAT-015.png,"INSERT INTO materials (code, name, image, description, price, create_time) VALUES ('MT01-NTBX-EQKAT-015', '厨房电器及设备', 'http://renli2026.oss-cn-chengdu.aliyuncs.com/materials/%E5%8E%A8%E6%88%BF%E7%94%B5%E5%99%A8%E5%8F%8A%E8%AE%BE%E5%A4%87/MT01-NTBX-EQKAT-015.png', '', 0, NOW());"
MT01-NTBX-EQKAT-016,厨房电器及设备,MT01-NTBX-EQKAT-016.png,http://renli2026.oss-cn-chengdu.aliyuncs.com/materials/%E5%8E%A8%E6%88%BF%E7%94%B5%E5%99%A8%E5%8F%8A%E8%AE%BE%E5%A4%87/MT01-NTBX-EQKAT-016.png,"INSERT INTO materials (code, name, image, description, price, create_time) VALUES ('MT01-NTBX-EQKAT-016', '厨房电器及设备', 'http://renli2026.oss-cn-chengdu.aliyuncs.com/materials/%E5%8E%A8%E6%88%BF%E7%94%B5%E5%99%A8%E5%8F%8A%E8%AE%BE%E5%A4%87/MT01-NTBX-EQKAT-016.png', '', 0, NOW());"
MT01-NTBX-EQKAT-017,厨房电器及设备,MT01-NTBX-EQKAT-017.png,http://renli2026.oss-cn-chengdu.aliyuncs.com/materials/%E5%8E%A8%E6%88%BF%E7%94%B5%E5%99%A8%E5%8F%8A%E8%AE%BE%E5%A4%87/MT01-NTBX-EQKAT-017.png,"INSERT INTO materials (code, name, image, description, price, create_time) VALUES ('MT01-NTBX-EQKAT-017', '厨房电器及设备', 'http://renli2026.oss-cn-chengdu.aliyuncs.com/materials/%E5%8E%A8%E6%88%BF%E7%94%B5%E5%99%A8%E5%8F%8A%E8%AE%BE%E5%A4%87/MT01-NTBX-EQKAT-017.png', '', 0, NOW());"
MT01-NTBX-EQKAT-018,厨房电器及设备,MT01-NTBX-EQKAT-018.png,http://renli2026.oss-cn-chengdu.aliyuncs.com/materials/%E5%8E%A8%E6%88%BF%E7%94%B5%E5%99%A8%E5%8F%8A%E8%AE%BE%E5%A4%87/MT01-NTBX-EQKAT-018.png,"INSERT INTO materials (code, name, image, description, price, create_time) VALUES ('MT01-NTBX-EQKAT-018', '厨房电器及设备', 'http://renli2026.oss-cn-chengdu.aliyuncs.com/materials/%E5%8E%A8%E6%88%BF%E7%94%B5%E5%99%A8%E5%8F%8A%E8%AE%BE%E5%A4%87/MT01-NTBX-EQKAT-018.png', '', 0, NOW());"
MT01-NTBX-EQKAT-019,厨房电器及设备,MT01-NTBX-EQKAT-019.png,http://renli2026.oss-cn-chengdu.aliyuncs.com/materials/%E5%8E%A8%E6%88%BF%E7%94%B5%E5%99%A8%E5%8F%8A%E8%AE%BE%E5%A4%87/MT01-NTBX-EQKAT-019.png,"INSERT INTO materials (code, name, image, description, price, create_time) VALUES ('MT01-NTBX-EQKAT-019', '厨房电器及设备', 'http://renli2026.oss-cn-chengdu.aliyuncs.com/materials/%E5%8E%A8%E6%88%BF%E7%94%B5%E5%99%A8%E5%8F%8A%E8%AE%BE%E5%A4%87/MT01-NTBX-EQKAT-019.png', '', 0, NOW());"
MT01-NTBX-EQKAT-020,厨房电器及设备,MT01-NTBX-EQKAT-020.png,http://renli2026.oss-cn-chengdu.aliyuncs.com/materials/%E5%8E%A8%E6%88%BF%E7%94%B5%E5%99%A8%E5%8F%8A%E8%AE%BE%E5%A4%87/MT01-NTBX-EQKAT-020.png,"INSERT INTO materials (code, name, image, description, price, create_time) VALUES ('MT01-NTBX-EQKAT-020', '厨房电器及设备', 'http://renli2026.oss-cn-chengdu.aliyuncs.com/materials/%E5%8E%A8%E6%88%BF%E7%94%B5%E5%99%A8%E5%8F%8A%E8%AE%BE%E5%A4%87/MT01-NTBX-EQKAT-020.png', '', 0, NOW());"
MT01-NTBX-EQKAT-021,厨房电器及设备,MT01-NTBX-EQKAT-021.png,http://renli2026.oss-cn-chengdu.aliyuncs.com/materials/%E5%8E%A8%E6%88%BF%E7%94%B5%E5%99%A8%E5%8F%8A%E8%AE%BE%E5%A4%87/MT01-NTBX-EQKAT-021.png,"INSERT INTO materials (code, name, image, description, price, create_time) VALUES ('MT01-NTBX-EQKAT-021', '厨房电器及设备', 'http://renli2026.oss-cn-chengdu.aliyuncs.com/materials/%E5%8E%A8%E6%88%BF%E7%94%B5%E5%99%A8%E5%8F%8A%E8%AE%BE%E5%A4%87/MT01-NTBX-EQKAT-021.png', '', 0, NOW());"
MT01-NTBX-EQKAT-022,厨房电器及设备,MT01-NTBX-EQKAT-022.png,http://renli2026.oss-cn-chengdu.aliyuncs.com/materials/%E5%8E%A8%E6%88%BF%E7%94%B5%E5%99%A8%E5%8F%8A%E8%AE%BE%E5%A4%87/MT01-NTBX-EQKAT-022.png,"INSERT INTO materials (code, name, image, description, price, create_time) VALUES ('MT01-NTBX-EQKAT-022', '厨房电器及设备', 'http://renli2026.oss-cn-chengdu.aliyuncs.com/materials/%E5%8E%A8%E6%88%BF%E7%94%B5%E5%99%A8%E5%8F%8A%E8%AE%BE%E5%A4%87/MT01-NTBX-EQKAT-022.png', '', 0, NOW());"
MT01-NTBX-EQKAT-023,厨房电器及设备,MT01-NTBX-EQKAT-023.png,http://renli2026.oss-cn-chengdu.aliyuncs.com/materials/%E5%8E%A8%E6%88%BF%E7%94%B5%E5%99%A8%E5%8F%8A%E8%AE%BE%E5%A4%87/MT01-NTBX-EQKAT-023.png,"INSERT INTO materials (code, name, image, description, price, create_time) VALUES ('MT01-NTBX-EQKAT-023', '厨房电器及设备', 'http://renli2026.oss-cn-chengdu.aliyuncs.com/materials/%E5%8E%A8%E6%88%BF%E7%94%B5%E5%99%A8%E5%8F%8A%E8%AE%BE%E5%A4%87/MT01-NTBX-EQKAT-023.png', '', 0, NOW());"
MT01-NTBX-EQKAT-024,厨房电器及设备,MT01-NTBX-EQKAT-024.png,http://renli2026.oss-cn-chengdu.aliyuncs.com/materials/%E5%8E%A8%E6%88%BF%E7%94%B5%E5%99%A8%E5%8F%8A%E8%AE%BE%E5%A4%87/MT01-NTBX-EQKAT-024.png,"INSERT INTO materials (code, name, image, description, price, create_time) VALUES ('MT01-NTBX-EQKAT-024', '厨房电器及设备', 'http://renli2026.oss-cn-chengdu.aliyuncs.com/materials/%E5%8E%A8%E6%88%BF%E7%94%B5%E5%99%A8%E5%8F%8A%E8%AE%BE%E5%A4%87/MT01-NTBX-EQKAT-024.png', '', 0, NOW());"
MT01-NTBX-EQKAT-025,厨房电器及设备,MT01-NTBX-EQKAT-025.png,http://renli2026.oss-cn-chengdu.aliyuncs.com/materials/%E5%8E%A8%E6%88%BF%E7%94%B5%E5%99%A8%E5%8F%8A%E8%AE%BE%E5%A4%87/MT01-NTBX-EQKAT-025.png,"INSERT INTO materials (code, name, image, description, price, create_time) VALUES ('MT01-NTBX-EQKAT-025', '厨房电器及设备', 'http://renli2026.oss-cn-chengdu.aliyuncs.com/materials/%E5%8E%A8%E6%88%BF%E7%94%B5%E5%99%A8%E5%8F%8A%E8%AE%BE%E5%A4%87/MT01-NTBX-EQKAT-025.png', '', 0, NOW());"
MT01-NTBX-EQKAT-026,厨房电器及设备,MT01-NTBX-EQKAT-026.png,http://renli2026.oss-cn-chengdu.aliyuncs.com/materials/%E5%8E%A8%E6%88%BF%E7%94%B5%E5%99%A8%E5%8F%8A%E8%AE%BE%E5%A4%87/MT01-NTBX-EQKAT-026.png,"INSERT INTO materials (code, name, image, description, price, create_time) VALUES ('MT01-NTBX-EQKAT-026', '厨房电器及设备', 'http://renli2026.oss-cn-chengdu.aliyuncs.com/materials/%E5%8E%A8%E6%88%BF%E7%94%B5%E5%99%A8%E5%8F%8A%E8%AE%BE%E5%A4%87/MT01-NTBX-EQKAT-026.png', '', 0, NOW());"
MT01-NTBX-EQKAT-027,厨房电器及设备,MT01-NTBX-EQKAT-027.png,http://renli2026.oss-cn-chengdu.aliyuncs.com/materials/%E5%8E%A8%E6%88%BF%E7%94%B5%E5%99%A8%E5%8F%8A%E8%AE%BE%E5%A4%87/MT01-NTBX-EQKAT-027.png,"INSERT INTO materials (code, name, image, description, price, create_time) VALUES ('MT01-NTBX-EQKAT-027', '厨房电器及设备', 'http://renli2026.oss-cn-chengdu.aliyuncs.com/materials/%E5%8E%A8%E6%88%BF%E7%94%B5%E5%99%A8%E5%8F%8A%E8%AE%BE%E5%A4%87/MT01-NTBX-EQKAT-027.png', '', 0, NOW());"
MT01-NTBX-EQKAT-028,厨房电器及设备,MT01-NTBX-EQKAT-028.png,http://renli2026.oss-cn-chengdu.aliyuncs.com/materials/%E5%8E%A8%E6%88%BF%E7%94%B5%E5%99%A8%E5%8F%8A%E8%AE%BE%E5%A4%87/MT01-NTBX-EQKAT-028.png,"INSERT INTO materials (code, name, image, description, price, create_time) VALUES ('MT01-NTBX-EQKAT-028', '厨房电器及设备', 'http://renli2026.oss-cn-chengdu.aliyuncs.com/materials/%E5%8E%A8%E6%88%BF%E7%94%B5%E5%99%A8%E5%8F%8A%E8%AE%BE%E5%A4%87/MT01-NTBX-EQKAT-028.png', '', 0, NOW());"
MT01-NTBX-EQKAT-029,厨房电器及设备,MT01-NTBX-EQKAT-029.png,http://renli2026.oss-cn-chengdu.aliyuncs.com/materials/%E5%8E%A8%E6%88%BF%E7%94%B5%E5%99%A8%E5%8F%8A%E8%AE%BE%E5%A4%87/MT01-NTBX-EQKAT-029.png,"INSERT INTO materials (code, name, image, description, price, create_time) VALUES ('MT01-NTBX-EQKAT-029', '厨房电器及设备', 'http://renli2026.oss-cn-chengdu.aliyuncs.com/materials/%E5%8E%A8%E6%88%BF%E7%94%B5%E5%99%A8%E5%8F%8A%E8%AE%BE%E5%A4%87/MT01-NTBX-EQKAT-029.png', '', 0, NOW());"
MT01-NTBX-EQKAT-030,厨房电器及设备,MT01-NTBX-EQKAT-030.png,http://renli2026.oss-cn-chengdu.aliyuncs.com/materials/%E5%8E%A8%E6%88%BF%E7%94%B5%E5%99%A8%E5%8F%8A%E8%AE%BE%E5%A4%87/MT01-NTBX-EQKAT-030.png,"INSERT INTO materials (code, name, image, description, price, create_time) VALUES ('MT01-NTBX-EQKAT-030', '厨房电器及设备', 'http://renli2026.oss-cn-chengdu.aliyuncs.com/materials/%E5%8E%A8%E6%88%BF%E7%94%B5%E5%99%A8%E5%8F%8A%E8%AE%BE%E5%A4%87/MT01-NTBX-EQKAT-030.png', '', 0, NOW());"
MT01-NTBX-EQKAT-031,厨房电器及设备,MT01-NTBX-EQKAT-031.png,http://renli2026.oss-cn-chengdu.aliyuncs.com/materials/%E5%8E%A8%E6%88%BF%E7%94%B5%E5%99%A8%E5%8F%8A%E8%AE%BE%E5%A4%87/MT01-NTBX-EQKAT-031.png,"INSERT INTO materials (code, name, image, description, price, create_time) VALUES ('MT01-NTBX-EQKAT-031', '厨房电器及设备', 'http://renli2026.oss-cn-chengdu.aliyuncs.com/materials/%E5%8E%A8%E6%88%BF%E7%94%B5%E5%99%A8%E5%8F%8A%E8%AE%BE%E5%A4%87/MT01-NTBX-EQKAT-031.png', '', 0, NOW());"
MT01-NTBX-EQKAT-032,厨房电器及设备,MT01-NTBX-EQKAT-032.png,http://renli2026.oss-cn-chengdu.aliyuncs.com/materials/%E5%8E%A8%E6%88%BF%E7%94%B5%E5%99%A8%E5%8F%8A%E8%AE%BE%E5%A4%87/MT01-NTBX-EQKAT-032.png,"INSERT INTO materials (code, name, image, description, price, create_time) VALUES ('MT01-NTBX-EQKAT-032', '厨房电器及设备', 'http://renli2026.oss-cn-chengdu.aliyuncs.com/materials/%E5%8E%A8%E6%88%BF%E7%94%B5%E5%99%A8%E5%8F%8A%E8%AE%BE%E5%A4%87/MT01-NTBX-EQKAT-032.png', '', 0, NOW());"
MT01-NTBX-EQKAT-033,厨房电器及设备,MT01-NTBX-EQKAT-033.png,http://renli2026.oss-cn-chengdu.aliyuncs.com/materials/%E5%8E%A8%E6%88%BF%E7%94%B5%E5%99%A8%E5%8F%8A%E8%AE%BE%E5%A4%87/MT01-NTBX-EQKAT-033.png,"INSERT INTO materials (code, name, image, description, price, create_time) VALUES ('MT01-NTBX-EQKAT-033', '厨房电器及设备', 'http://renli2026.oss-cn-chengdu.aliyuncs.com/materials/%E5%8E%A8%E6%88%BF%E7%94%B5%E5%99%A8%E5%8F%8A%E8%AE%BE%E5%A4%87/MT01-NTBX-EQKAT-033.png', '', 0, NOW());"
MT01-NTBX-EQKAT-034,厨房电器及设备,MT01-NTBX-EQKAT-034.png,http://renli2026.oss-cn-chengdu.aliyuncs.com/materials/%E5%8E%A8%E6%88%BF%E7%94%B5%E5%99%A8%E5%8F%8A%E8%AE%BE%E5%A4%87/MT01-NTBX-EQKAT-034.png,"INSERT INTO materials (code, name, image, description, price, create_time) VALUES ('MT01-NTBX-EQKAT-034', '厨房电器及设备', 'http://renli2026.oss-cn-chengdu.aliyuncs.com/materials/%E5%8E%A8%E6%88%BF%E7%94%B5%E5%99%A8%E5%8F%8A%E8%AE%BE%E5%A4%87/MT01-NTBX-EQKAT-034.png', '', 0, NOW());"
MT01-NTBX-EQKAT-035,厨房电器及设备,MT01-NTBX-EQKAT-035.png,http://renli2026.oss-cn-chengdu.aliyuncs.com/materials/%E5%8E%A8%E6%88%BF%E7%94%B5%E5%99%A8%E5%8F%8A%E8%AE%BE%E5%A4%87/MT01-NTBX-EQKAT-035.png,"INSERT INTO materials (code, name, image, description, price, create_time) VALUES ('MT01-NTBX-EQKAT-035', '厨房电器及设备', 'http://renli2026.oss-cn-chengdu.aliyuncs.com/materials/%E5%8E%A8%E6%88%BF%E7%94%B5%E5%99%A8%E5%8F%8A%E8%AE%BE%E5%A4%87/MT01-NTBX-EQKAT-035.png', '', 0, NOW());"
CE04-GYHG-FDFLT-001,墙地瓷砖制品,CE04-GYHG-FDFLT-001.png,http://renli2026.oss-cn-chengdu.aliyuncs.com/materials/%E5%A2%99%E5%9C%B0%E7%93%B7%E7%A0%96%E5%88%B6%E5%93%81/CE04-GYHG-FDFLT-001.png,"INSERT INTO materials (code, name, image, description, price, create_time) VALUES ('CE04-GYHG-FDFLT-001', '墙地瓷砖制品', 'http://renli2026.oss-cn-chengdu.aliyuncs.com/materials/%E5%A2%99%E5%9C%B0%E7%93%B7%E7%A0%96%E5%88%B6%E5%93%81/CE04-GYHG-FDFLT-001.png', '', 0, NOW());"
CE04-GYHG-FDFLT-002,墙地瓷砖制品,CE04-GYHG-FDFLT-002.png,http://renli2026.oss-cn-chengdu.aliyuncs.com/materials/%E5%A2%99%E5%9C%B0%E7%93%B7%E7%A0%96%E5%88%B6%E5%93%81/CE04-GYHG-FDFLT-002.png,"INSERT INTO materials (code, name, image, description, price, create_time) VALUES ('CE04-GYHG-FDFLT-002', '墙地瓷砖制品', 'http://renli2026.oss-cn-chengdu.aliyuncs.com/materials/%E5%A2%99%E5%9C%B0%E7%93%B7%E7%A0%96%E5%88%B6%E5%93%81/CE04-GYHG-FDFLT-002.png', '', 0, NOW());"
CE04-GYHG-FDFLT-003,墙地瓷砖制品,CE04-GYHG-FDFLT-003.png,http://renli2026.oss-cn-chengdu.aliyuncs.com/materials/%E5%A2%99%E5%9C%B0%E7%93%B7%E7%A0%96%E5%88%B6%E5%93%81/CE04-GYHG-FDFLT-003.png,"INSERT INTO materials (code, name, image, description, price, create_time) VALUES ('CE04-GYHG-FDFLT-003', '墙地瓷砖制品', 'http://renli2026.oss-cn-chengdu.aliyuncs.com/materials/%E5%A2%99%E5%9C%B0%E7%93%B7%E7%A0%96%E5%88%B6%E5%93%81/CE04-GYHG-FDFLT-003.png', '', 0, NOW());"
CE04-WHTZ-WDWLT-001,墙地瓷砖制品,CE04-WHTZ-WDWLT-001.png,http://renli2026.oss-cn-chengdu.aliyuncs.com/materials/%E5%A2%99%E5%9C%B0%E7%93%B7%E7%A0%96%E5%88%B6%E5%93%81/CE04-WHTZ-WDWLT-001.png,"INSERT INTO materials (code, name, image, description, price, create_time) VALUES ('CE04-WHTZ-WDWLT-001', '墙地瓷砖制品', 'http://renli2026.oss-cn-chengdu.aliyuncs.com/materials/%E5%A2%99%E5%9C%B0%E7%93%B7%E7%A0%96%E5%88%B6%E5%93%81/CE04-WHTZ-WDWLT-001.png', '', 0, NOW());"
CE01-GYHG-ABETH-001,定制中式建筑结构,CE01-GYHG-ABETH-001.png,http://renli2026.oss-cn-chengdu.aliyuncs.com/materials/%E5%AE%9A%E5%88%B6%E4%B8%AD%E5%BC%8F%E5%BB%BA%E7%AD%91%E7%BB%93%E6%9E%84/CE01-GYHG-ABETH-001.png,"INSERT INTO materials (code, name, image, description, price, create_time) VALUES ('CE01-GYHG-ABETH-001', '定制中式建筑结构', 'http://renli2026.oss-cn-chengdu.aliyuncs.com/materials/%E5%AE%9A%E5%88%B6%E4%B8%AD%E5%BC%8F%E5%BB%BA%E7%AD%91%E7%BB%93%E6%9E%84/CE01-GYHG-ABETH-001.png', '', 0, NOW());"
CE01-GYHG-ABHRG-001,定制中式建筑结构,CE01-GYHG-ABHRG-001.png,http://renli2026.oss-cn-chengdu.aliyuncs.com/materials/%E5%AE%9A%E5%88%B6%E4%B8%AD%E5%BC%8F%E5%BB%BA%E7%AD%91%E7%BB%93%E6%9E%84/CE01-GYHG-ABHRG-001.png,"INSERT INTO materials (code, name, image, description, price, create_time) VALUES ('CE01-GYHG-ABHRG-001', '定制中式建筑结构', 'http://renli2026.oss-cn-chengdu.aliyuncs.com/materials/%E5%AE%9A%E5%88%B6%E4%B8%AD%E5%BC%8F%E5%BB%BA%E7%AD%91%E7%BB%93%E6%9E%84/CE01-GYHG-ABHRG-001.png', '', 0, NOW());"
CE01-GYHG-ABRTL-001,定制中式建筑结构,CE01-GYHG-ABRTL-001.png,http://renli2026.oss-cn-chengdu.aliyuncs.com/materials/%E5%AE%9A%E5%88%B6%E4%B8%AD%E5%BC%8F%E5%BB%BA%E7%AD%91%E7%BB%93%E6%9E%84/CE01-GYHG-ABRTL-001.png,"INSERT INTO materials (code, name, image, description, price, create_time) VALUES ('CE01-GYHG-ABRTL-001', '定制中式建筑结构', 'http://renli2026.oss-cn-chengdu.aliyuncs.com/materials/%E5%AE%9A%E5%88%B6%E4%B8%AD%E5%BC%8F%E5%BB%BA%E7%AD%91%E7%BB%93%E6%9E%84/CE01-GYHG-ABRTL-001.png', '', 0, NOW());"
WD012-WDAM-ABBAL-002,定制中式建筑结构,WD012-WDAM-ABBAL-002.png,http://renli2026.oss-cn-chengdu.aliyuncs.com/materials/%E5%AE%9A%E5%88%B6%E4%B8%AD%E5%BC%8F%E5%BB%BA%E7%AD%91%E7%BB%93%E6%9E%84/WD012-WDAM-ABBAL-002.png,"INSERT INTO materials (code, name, image, description, price, create_time) VALUES ('WD012-WDAM-ABBAL-002', '定制中式建筑结构', 'http://renli2026.oss-cn-chengdu.aliyuncs.com/materials/%E5%AE%9A%E5%88%B6%E4%B8%AD%E5%BC%8F%E5%BB%BA%E7%AD%91%E7%BB%93%E6%9E%84/WD012-WDAM-ABBAL-002.png', '', 0, NOW());"
WD012-WDAM-ABCOR-001,定制中式建筑结构,WD012-WDAM-ABCOR-001.png,http://renli2026.oss-cn-chengdu.aliyuncs.com/materials/%E5%AE%9A%E5%88%B6%E4%B8%AD%E5%BC%8F%E5%BB%BA%E7%AD%91%E7%BB%93%E6%9E%84/WD012-WDAM-ABCOR-001.png,"INSERT INTO materials (code, name, image, description, price, create_time) VALUES ('WD012-WDAM-ABCOR-001', '定制中式建筑结构', 'http://renli2026.oss-cn-chengdu.aliyuncs.com/materials/%E5%AE%9A%E5%88%B6%E4%B8%AD%E5%BC%8F%E5%BB%BA%E7%AD%91%E7%BB%93%E6%9E%84/WD012-WDAM-ABCOR-001.png', '', 0, NOW());"
WD012-WDAM-ABCOR-002,定制中式建筑结构,WD012-WDAM-ABCOR-002.png,http://renli2026.oss-cn-chengdu.aliyuncs.com/materials/%E5%AE%9A%E5%88%B6%E4%B8%AD%E5%BC%8F%E5%BB%BA%E7%AD%91%E7%BB%93%E6%9E%84/WD012-WDAM-ABCOR-002.png,"INSERT INTO materials (code, name, image, description, price, create_time) VALUES ('WD012-WDAM-ABCOR-002', '定制中式建筑结构', 'http://renli2026.oss-cn-chengdu.aliyuncs.com/materials/%E5%AE%9A%E5%88%B6%E4%B8%AD%E5%BC%8F%E5%BB%BA%E7%AD%91%E7%BB%93%E6%9E%84/WD012-WDAM-ABCOR-002.png', '', 0, NOW());"
WD012-WDAM-ABCOR-003,定制中式建筑结构,WD012-WDAM-ABCOR-003.png,http://renli2026.oss-cn-chengdu.aliyuncs.com/materials/%E5%AE%9A%E5%88%B6%E4%B8%AD%E5%BC%8F%E5%BB%BA%E7%AD%91%E7%BB%93%E6%9E%84/WD012-WDAM-ABCOR-003.png,"INSERT INTO materials (code, name, image, description, price, create_time) VALUES ('WD012-WDAM-ABCOR-003', '定制中式建筑结构', 'http://renli2026.oss-cn-chengdu.aliyuncs.com/materials/%E5%AE%9A%E5%88%B6%E4%B8%AD%E5%BC%8F%E5%BB%BA%E7%AD%91%E7%BB%93%E6%9E%84/WD012-WDAM-ABCOR-003.png', '', 0, NOW());"
WD012-WDAM-ABCOR-004,定制中式建筑结构,WD012-WDAM-ABCOR-004.png,http://renli2026.oss-cn-chengdu.aliyuncs.com/materials/%E5%AE%9A%E5%88%B6%E4%B8%AD%E5%BC%8F%E5%BB%BA%E7%AD%91%E7%BB%93%E6%9E%84/WD012-WDAM-ABCOR-004.png,"INSERT INTO materials (code, name, image, description, price, create_time) VALUES ('WD012-WDAM-ABCOR-004', '定制中式建筑结构', 'http://renli2026.oss-cn-chengdu.aliyuncs.com/materials/%E5%AE%9A%E5%88%B6%E4%B8%AD%E5%BC%8F%E5%BB%BA%E7%AD%91%E7%BB%93%E6%9E%84/WD012-WDAM-ABCOR-004.png', '', 0, NOW());"
WD012-WDAM-ABFHS-001,定制中式建筑结构,WD012-WDAM-ABFHS-001.png,http://renli2026.oss-cn-chengdu.aliyuncs.com/materials/%E5%AE%9A%E5%88%B6%E4%B8%AD%E5%BC%8F%E5%BB%BA%E7%AD%91%E7%BB%93%E6%9E%84/WD012-WDAM-ABFHS-001.png,"INSERT INTO materials (code, name, image, description, price, create_time) VALUES ('WD012-WDAM-ABFHS-001', '定制中式建筑结构', 'http://renli2026.oss-cn-chengdu.aliyuncs.com/materials/%E5%AE%9A%E5%88%B6%E4%B8%AD%E5%BC%8F%E5%BB%BA%E7%AD%91%E7%BB%93%E6%9E%84/WD012-WDAM-ABFHS-001.png', '', 0, NOW());"
WD012-WDAM-ABHOC-001,定制中式建筑结构,WD012-WDAM-ABHOC-001.png,http://renli2026.oss-cn-chengdu.aliyuncs.com/materials/%E5%AE%9A%E5%88%B6%E4%B8%AD%E5%BC%8F%E5%BB%BA%E7%AD%91%E7%BB%93%E6%9E%84/WD012-WDAM-ABHOC-001.png,"INSERT INTO materials (code, name, image, description, price, create_time) VALUES ('WD012-WDAM-ABHOC-001', '定制中式建筑结构', 'http://renli2026.oss-cn-chengdu.aliyuncs.com/materials/%E5%AE%9A%E5%88%B6%E4%B8%AD%E5%BC%8F%E5%BB%BA%E7%AD%91%E7%BB%93%E6%9E%84/WD012-WDAM-ABHOC-001.png', '', 0, NOW());"
WD012-WDAM-ABLIT-001,定制中式建筑结构,WD012-WDAM-ABLIT-001.png,http://renli2026.oss-cn-chengdu.aliyuncs.com/materials/%E5%AE%9A%E5%88%B6%E4%B8%AD%E5%BC%8F%E5%BB%BA%E7%AD%91%E7%BB%93%E6%9E%84/WD012-WDAM-ABLIT-001.png,"INSERT INTO materials (code, name, image, description, price, create_time) VALUES ('WD012-WDAM-ABLIT-001', '定制中式建筑结构', 'http://renli2026.oss-cn-chengdu.aliyuncs.com/materials/%E5%AE%9A%E5%88%B6%E4%B8%AD%E5%BC%8F%E5%BB%BA%E7%AD%91%E7%BB%93%E6%9E%84/WD012-WDAM-ABLIT-001.png', '', 0, NOW());"
WD012-WDAM-ABPED-004,定制中式建筑结构,WD012-WDAM-ABPED-004.png,http://renli2026.oss-cn-chengdu.aliyuncs.com/materials/%E5%AE%9A%E5%88%B6%E4%B8%AD%E5%BC%8F%E5%BB%BA%E7%AD%91%E7%BB%93%E6%9E%84/WD012-WDAM-ABPED-004.png,"INSERT INTO materials (code, name, image, description, price, create_time) VALUES ('WD012-WDAM-ABPED-004', '定制中式建筑结构', 'http://renli2026.oss-cn-chengdu.aliyuncs.com/materials/%E5%AE%9A%E5%88%B6%E4%B8%AD%E5%BC%8F%E5%BB%BA%E7%AD%91%E7%BB%93%E6%9E%84/WD012-WDAM-ABPED-004.png', '', 0, NOW());"
WD012-WDAM-ABPED-005,定制中式建筑结构,WD012-WDAM-ABPED-005.png,http://renli2026.oss-cn-chengdu.aliyuncs.com/materials/%E5%AE%9A%E5%88%B6%E4%B8%AD%E5%BC%8F%E5%BB%BA%E7%AD%91%E7%BB%93%E6%9E%84/WD012-WDAM-ABPED-005.png,"INSERT INTO materials (code, name, image, description, price, create_time) VALUES ('WD012-WDAM-ABPED-005', '定制中式建筑结构', 'http://renli2026.oss-cn-chengdu.aliyuncs.com/materials/%E5%AE%9A%E5%88%B6%E4%B8%AD%E5%BC%8F%E5%BB%BA%E7%AD%91%E7%BB%93%E6%9E%84/WD012-WDAM-ABPED-005.png', '', 0, NOW());"
WD012-WDAM-ABWPS-001,定制中式建筑结构,WD012-WDAM-ABWPS-001.png,http://renli2026.oss-cn-chengdu.aliyuncs.com/materials/%E5%AE%9A%E5%88%B6%E4%B8%AD%E5%BC%8F%E5%BB%BA%E7%AD%91%E7%BB%93%E6%9E%84/WD012-WDAM-ABWPS-001.png,"INSERT INTO materials (code, name, image, description, price, create_time) VALUES ('WD012-WDAM-ABWPS-001', '定制中式建筑结构', 'http://renli2026.oss-cn-chengdu.aliyuncs.com/materials/%E5%AE%9A%E5%88%B6%E4%B8%AD%E5%BC%8F%E5%BB%BA%E7%AD%91%E7%BB%93%E6%9E%84/WD012-WDAM-ABWPS-001.png', '', 0, NOW());"
WD08-WDAM-ABBEA-001,定制中式建筑结构,WD08-WDAM-ABBEA-001.png,http://renli2026.oss-cn-chengdu.aliyuncs.com/materials/%E5%AE%9A%E5%88%B6%E4%B8%AD%E5%BC%8F%E5%BB%BA%E7%AD%91%E7%BB%93%E6%9E%84/WD08-WDAM-ABBEA-001.png,"INSERT INTO materials (code, name, image, description, price, create_time) VALUES ('WD08-WDAM-ABBEA-001', '定制中式建筑结构', 'http://renli2026.oss-cn-chengdu.aliyuncs.com/materials/%E5%AE%9A%E5%88%B6%E4%B8%AD%E5%BC%8F%E5%BB%BA%E7%AD%91%E7%BB%93%E6%9E%84/WD08-WDAM-ABBEA-001.png', '', 0, NOW());"
WD08-WDAM-ABCOD-001,定制中式建筑结构,WD08-WDAM-ABCOD-001.png,http://renli2026.oss-cn-chengdu.aliyuncs.com/materials/%E5%AE%9A%E5%88%B6%E4%B8%AD%E5%BC%8F%E5%BB%BA%E7%AD%91%E7%BB%93%E6%9E%84/WD08-WDAM-ABCOD-001.png,"INSERT INTO materials (code, name, image, description, price, create_time) VALUES ('WD08-WDAM-ABCOD-001', '定制中式建筑结构', 'http://renli2026.oss-cn-chengdu.aliyuncs.com/materials/%E5%AE%9A%E5%88%B6%E4%B8%AD%E5%BC%8F%E5%BB%BA%E7%AD%91%E7%BB%93%E6%9E%84/WD08-WDAM-ABCOD-001.png', '', 0, NOW());"
WD08-WDAM-ABCOL-001,定制中式建筑结构,WD08-WDAM-ABCOL-001.png,http://renli2026.oss-cn-chengdu.aliyuncs.com/materials/%E5%AE%9A%E5%88%B6%E4%B8%AD%E5%BC%8F%E5%BB%BA%E7%AD%91%E7%BB%93%E6%9E%84/WD08-WDAM-ABCOL-001.png,"INSERT INTO materials (code, name, image, description, price, create_time) VALUES ('WD08-WDAM-ABCOL-001', '定制中式建筑结构', 'http://renli2026.oss-cn-chengdu.aliyuncs.com/materials/%E5%AE%9A%E5%88%B6%E4%B8%AD%E5%BC%8F%E5%BB%BA%E7%AD%91%E7%BB%93%E6%9E%84/WD08-WDAM-ABCOL-001.png', '', 0, NOW());"
WD08-WDAM-ABCOL-002,定制中式建筑结构,WD08-WDAM-ABCOL-002.png,http://renli2026.oss-cn-chengdu.aliyuncs.com/materials/%E5%AE%9A%E5%88%B6%E4%B8%AD%E5%BC%8F%E5%BB%BA%E7%AD%91%E7%BB%93%E6%9E%84/WD08-WDAM-ABCOL-002.png,"INSERT INTO materials (code, name, image, description, price, create_time) VALUES ('WD08-WDAM-ABCOL-002', '定制中式建筑结构', 'http://renli2026.oss-cn-chengdu.aliyuncs.com/materials/%E5%AE%9A%E5%88%B6%E4%B8%AD%E5%BC%8F%E5%BB%BA%E7%AD%91%E7%BB%93%E6%9E%84/WD08-WDAM-ABCOL-002.png', '', 0, NOW());"
WD08-WDAM-ABCOL-004,定制中式建筑结构,WD08-WDAM-ABCOL-004.png,http://renli2026.oss-cn-chengdu.aliyuncs.com/materials/%E5%AE%9A%E5%88%B6%E4%B8%AD%E5%BC%8F%E5%BB%BA%E7%AD%91%E7%BB%93%E6%9E%84/WD08-WDAM-ABCOL-004.png,"INSERT INTO materials (code, name, image, description, price, create_time) VALUES ('WD08-WDAM-ABCOL-004', '定制中式建筑结构', 'http://renli2026.oss-cn-chengdu.aliyuncs.com/materials/%E5%AE%9A%E5%88%B6%E4%B8%AD%E5%BC%8F%E5%BB%BA%E7%AD%91%E7%BB%93%E6%9E%84/WD08-WDAM-ABCOL-004.png', '', 0, NOW());"
WD08-WDAM-ABGEB-001,定制中式建筑结构,WD08-WDAM-ABGEB-001.png,http://renli2026.oss-cn-chengdu.aliyuncs.com/materials/%E5%AE%9A%E5%88%B6%E4%B8%AD%E5%BC%8F%E5%BB%BA%E7%AD%91%E7%BB%93%E6%9E%84/WD08-WDAM-ABGEB-001.png,"INSERT INTO materials (code, name, image, description, price, create_time) VALUES ('WD08-WDAM-ABGEB-001', '定制中式建筑结构', 'http://renli2026.oss-cn-chengdu.aliyuncs.com/materials/%E5%AE%9A%E5%88%B6%E4%B8%AD%E5%BC%8F%E5%BB%BA%E7%AD%91%E7%BB%93%E6%9E%84/WD08-WDAM-ABGEB-001.png', '', 0, NOW());"
WD08-WDAM-ABHLC-001,定制中式建筑结构,WD08-WDAM-ABHLC-001.png,http://renli2026.oss-cn-chengdu.aliyuncs.com/materials/%E5%AE%9A%E5%88%B6%E4%B8%AD%E5%BC%8F%E5%BB%BA%E7%AD%91%E7%BB%93%E6%9E%84/WD08-WDAM-ABHLC-001.png,"INSERT INTO materials (code, name, image, description, price, create_time) VALUES ('WD08-WDAM-ABHLC-001', '定制中式建筑结构', 'http://renli2026.oss-cn-chengdu.aliyuncs.com/materials/%E5%AE%9A%E5%88%B6%E4%B8%AD%E5%BC%8F%E5%BB%BA%E7%AD%91%E7%BB%93%E6%9E%84/WD08-WDAM-ABHLC-001.png', '', 0, NOW());"
WD08-WDAM-ABIPA-001,定制中式建筑结构,WD08-WDAM-ABIPA-001.png,http://renli2026.oss-cn-chengdu.aliyuncs.com/materials/%E5%AE%9A%E5%88%B6%E4%B8%AD%E5%BC%8F%E5%BB%BA%E7%AD%91%E7%BB%93%E6%9E%84/WD08-WDAM-ABIPA-001.png,"INSERT INTO materials (code, name, image, description, price, create_time) VALUES ('WD08-WDAM-ABIPA-001', '定制中式建筑结构', 'http://renli2026.oss-cn-chengdu.aliyuncs.com/materials/%E5%AE%9A%E5%88%B6%E4%B8%AD%E5%BC%8F%E5%BB%BA%E7%AD%91%E7%BB%93%E6%9E%84/WD08-WDAM-ABIPA-001.png', '', 0, NOW());"
WD08-WDAM-ABIPL-001,定制中式建筑结构,WD08-WDAM-ABIPL-001.png,http://renli2026.oss-cn-chengdu.aliyuncs.com/materials/%E5%AE%9A%E5%88%B6%E4%B8%AD%E5%BC%8F%E5%BB%BA%E7%AD%91%E7%BB%93%E6%9E%84/WD08-WDAM-ABIPL-001.png,"INSERT INTO materials (code, name, image, description, price, create_time) VALUES ('WD08-WDAM-ABIPL-001', '定制中式建筑结构', 'http://renli2026.oss-cn-chengdu.aliyuncs.com/materials/%E5%AE%9A%E5%88%B6%E4%B8%AD%E5%BC%8F%E5%BB%BA%E7%AD%91%E7%BB%93%E6%9E%84/WD08-WDAM-ABIPL-001.png', '', 0, NOW());"
WD08-WDAM-ABLAT-002,定制中式建筑结构,WD08-WDAM-ABLAT-002.png,http://renli2026.oss-cn-chengdu.aliyuncs.com/materials/%E5%AE%9A%E5%88%B6%E4%B8%AD%E5%BC%8F%E5%BB%BA%E7%AD%91%E7%BB%93%E6%9E%84/WD08-WDAM-ABLAT-002.png,"INSERT INTO materials (code, name, image, description, price, create_time) VALUES ('WD08-WDAM-ABLAT-002', '定制中式建筑结构', 'http://renli2026.oss-cn-chengdu.aliyuncs.com/materials/%E5%AE%9A%E5%88%B6%E4%B8%AD%E5%BC%8F%E5%BB%BA%E7%AD%91%E7%BB%93%E6%9E%84/WD08-WDAM-ABLAT-002.png', '', 0, NOW());"
WD08-WDAM-ABSQR-001,定制中式建筑结构,WD08-WDAM-ABSQR-001.png,http://renli2026.oss-cn-chengdu.aliyuncs.com/materials/%E5%AE%9A%E5%88%B6%E4%B8%AD%E5%BC%8F%E5%BB%BA%E7%AD%91%E7%BB%93%E6%9E%84/WD08-WDAM-ABSQR-001.png,"INSERT INTO materials (code, name, image, description, price, create_time) VALUES ('WD08-WDAM-ABSQR-001', '定制中式建筑结构', 'http://renli2026.oss-cn-chengdu.aliyuncs.com/materials/%E5%AE%9A%E5%88%B6%E4%B8%AD%E5%BC%8F%E5%BB%BA%E7%AD%91%E7%BB%93%E6%9E%84/WD08-WDAM-ABSQR-001.png', '', 0, NOW());"
WD08-WDAM-ABTAB-001,定制中式建筑结构,WD08-WDAM-ABTAB-001.png,http://renli2026.oss-cn-chengdu.aliyuncs.com/materials/%E5%AE%9A%E5%88%B6%E4%B8%AD%E5%BC%8F%E5%BB%BA%E7%AD%91%E7%BB%93%E6%9E%84/WD08-WDAM-ABTAB-001.png,"INSERT INTO materials (code, name, image, description, price, create_time) VALUES ('WD08-WDAM-ABTAB-001', '定制中式建筑结构', 'http://renli2026.oss-cn-chengdu.aliyuncs.com/materials/%E5%AE%9A%E5%88%B6%E4%B8%AD%E5%BC%8F%E5%BB%BA%E7%AD%91%E7%BB%93%E6%9E%84/WD08-WDAM-ABTAB-001.png', '', 0, NOW());"
WD08-WDAM-ABTAB-002,定制中式建筑结构,WD08-WDAM-ABTAB-002.png,http://renli2026.oss-cn-chengdu.aliyuncs.com/materials/%E5%AE%9A%E5%88%B6%E4%B8%AD%E5%BC%8F%E5%BB%BA%E7%AD%91%E7%BB%93%E6%9E%84/WD08-WDAM-ABTAB-002.png,"INSERT INTO materials (code, name, image, description, price, create_time) VALUES ('WD08-WDAM-ABTAB-002', '定制中式建筑结构', 'http://renli2026.oss-cn-chengdu.aliyuncs.com/materials/%E5%AE%9A%E5%88%B6%E4%B8%AD%E5%BC%8F%E5%BB%BA%E7%AD%91%E7%BB%93%E6%9E%84/WD08-WDAM-ABTAB-002.png', '', 0, NOW());"
WD08-WDAM-WBWPS-001,定制中式建筑结构,WD08-WDAM-WBWPS-001.png,http://renli2026.oss-cn-chengdu.aliyuncs.com/materials/%E5%AE%9A%E5%88%B6%E4%B8%AD%E5%BC%8F%E5%BB%BA%E7%AD%91%E7%BB%93%E6%9E%84/WD08-WDAM-WBWPS-001.png,"INSERT INTO materials (code, name, image, description, price, create_time) VALUES ('WD08-WDAM-WBWPS-001', '定制中式建筑结构', 'http://renli2026.oss-cn-chengdu.aliyuncs.com/materials/%E5%AE%9A%E5%88%B6%E4%B8%AD%E5%BC%8F%E5%BB%BA%E7%AD%91%E7%BB%93%E6%9E%84/WD08-WDAM-WBWPS-001.png', '', 0, NOW());"
CE02-HMWI-FFAOR-001,定制活动家具及软装物料,CE02-HMWI-FFAOR-001.png,http://renli2026.oss-cn-chengdu.aliyuncs.com/materials/%E5%AE%9A%E5%88%B6%E6%B4%BB%E5%8A%A8%E5%AE%B6%E5%85%B7%E5%8F%8A%E8%BD%AF%E8%A3%85%E7%89%A9%E6%96%99/CE02-HMWI-FFAOR-001.png,"INSERT INTO materials (code, name, image, description, price, create_time) VALUES ('CE02-HMWI-FFAOR-001', '定制活动家具及软装物料', 'http://renli2026.oss-cn-chengdu.aliyuncs.com/materials/%E5%AE%9A%E5%88%B6%E6%B4%BB%E5%8A%A8%E5%AE%B6%E5%85%B7%E5%8F%8A%E8%BD%AF%E8%A3%85%E7%89%A9%E6%96%99/CE02-HMWI-FFAOR-001.png', '', 0, NOW());"
CMO4-MEGT-CACAW-002,定制活动家具及软装物料,CMO4-MEGT-CACAW-002.png,http://renli2026.oss-cn-chengdu.aliyuncs.com/materials/%E5%AE%9A%E5%88%B6%E6%B4%BB%E5%8A%A8%E5%AE%B6%E5%85%B7%E5%8F%8A%E8%BD%AF%E8%A3%85%E7%89%A9%E6%96%99/CMO4-MEGT-CACAW-002.png,"INSERT INTO materials (code, name, image, description, price, create_time) VALUES ('CMO4-MEGT-CACAW-002', '定制活动家具及软装物料', 'http://renli2026.oss-cn-chengdu.aliyuncs.com/materials/%E5%AE%9A%E5%88%B6%E6%B4%BB%E5%8A%A8%E5%AE%B6%E5%85%B7%E5%8F%8A%E8%BD%AF%E8%A3%85%E7%89%A9%E6%96%99/CMO4-MEGT-CACAW-002.png', '', 0, NOW());"
RDEH FB07-MFCCU-001,定制活动家具及软装物料,RDEH FB07-MFCCU-001.png,http://renli2026.oss-cn-chengdu.aliyuncs.com/materials/%E5%AE%9A%E5%88%B6%E6%B4%BB%E5%8A%A8%E5%AE%B6%E5%85%B7%E5%8F%8A%E8%BD%AF%E8%A3%85%E7%89%A9%E6%96%99/RDEH%20FB07-MFCCU-001.png,"INSERT INTO materials (code, name, image, description, price, create_time) VALUES ('RDEH FB07-MFCCU-001', '定制活动家具及软装物料', 'http://renli2026.oss-cn-chengdu.aliyuncs.com/materials/%E5%AE%9A%E5%88%B6%E6%B4%BB%E5%8A%A8%E5%AE%B6%E5%85%B7%E5%8F%8A%E8%BD%AF%E8%A3%85%E7%89%A9%E6%96%99/RDEH%20FB07-MFCCU-001.png', '', 0, NOW());"
RDEH FB07-MFHGB-001,定制活动家具及软装物料,RDEH FB07-MFHGB-001.png,http://renli2026.oss-cn-chengdu.aliyuncs.com/materials/%E5%AE%9A%E5%88%B6%E6%B4%BB%E5%8A%A8%E5%AE%B6%E5%85%B7%E5%8F%8A%E8%BD%AF%E8%A3%85%E7%89%A9%E6%96%99/RDEH%20FB07-MFHGB-001.png,"INSERT INTO materials (code, name, image, description, price, create_time) VALUES ('RDEH FB07-MFHGB-001', '定制活动家具及软装物料', 'http://renli2026.oss-cn-chengdu.aliyuncs.com/materials/%E5%AE%9A%E5%88%B6%E6%B4%BB%E5%8A%A8%E5%AE%B6%E5%85%B7%E5%8F%8A%E8%BD%AF%E8%A3%85%E7%89%A9%E6%96%99/RDEH%20FB07-MFHGB-001.png', '', 0, NOW());"
RDEH FB07-MFHGB-002,定制活动家具及软装物料,RDEH FB07-MFHGB-002.png,http://renli2026.oss-cn-chengdu.aliyuncs.com/materials/%E5%AE%9A%E5%88%B6%E6%B4%BB%E5%8A%A8%E5%AE%B6%E5%85%B7%E5%8F%8A%E8%BD%AF%E8%A3%85%E7%89%A9%E6%96%99/RDEH%20FB07-MFHGB-002.png,"INSERT INTO materials (code, name, image, description, price, create_time) VALUES ('RDEH FB07-MFHGB-002', '定制活动家具及软装物料', 'http://renli2026.oss-cn-chengdu.aliyuncs.com/materials/%E5%AE%9A%E5%88%B6%E6%B4%BB%E5%8A%A8%E5%AE%B6%E5%85%B7%E5%8F%8A%E8%BD%AF%E8%A3%85%E7%89%A9%E6%96%99/RDEH%20FB07-MFHGB-002.png', '', 0, NOW());"
WD08-WDAM-MFCHR-001,定制活动家具及软装物料,WD08-WDAM-MFCHR-001.png,http://renli2026.oss-cn-chengdu.aliyuncs.com/materials/%E5%AE%9A%E5%88%B6%E6%B4%BB%E5%8A%A8%E5%AE%B6%E5%85%B7%E5%8F%8A%E8%BD%AF%E8%A3%85%E7%89%A9%E6%96%99/WD08-WDAM-MFCHR-001.png,"INSERT INTO materials (code, name, image, description, price, create_time) VALUES ('WD08-WDAM-MFCHR-001', '定制活动家具及软装物料', 'http://renli2026.oss-cn-chengdu.aliyuncs.com/materials/%E5%AE%9A%E5%88%B6%E6%B4%BB%E5%8A%A8%E5%AE%B6%E5%85%B7%E5%8F%8A%E8%BD%AF%E8%A3%85%E7%89%A9%E6%96%99/WD08-WDAM-MFCHR-001.png', '', 0, NOW());"
WD08-WDAM-MFCHR-002,定制活动家具及软装物料,WD08-WDAM-MFCHR-002.png,http://renli2026.oss-cn-chengdu.aliyuncs.com/materials/%E5%AE%9A%E5%88%B6%E6%B4%BB%E5%8A%A8%E5%AE%B6%E5%85%B7%E5%8F%8A%E8%BD%AF%E8%A3%85%E7%89%A9%E6%96%99/WD08-WDAM-MFCHR-002.png,"INSERT INTO materials (code, name, image, description, price, create_time) VALUES ('WD08-WDAM-MFCHR-002', '定制活动家具及软装物料', 'http://renli2026.oss-cn-chengdu.aliyuncs.com/materials/%E5%AE%9A%E5%88%B6%E6%B4%BB%E5%8A%A8%E5%AE%B6%E5%85%B7%E5%8F%8A%E8%BD%AF%E8%A3%85%E7%89%A9%E6%96%99/WD08-WDAM-MFCHR-002.png', '', 0, NOW());"
WD08-WDAM-MFCHR-003,定制活动家具及软装物料,WD08-WDAM-MFCHR-003.png,http://renli2026.oss-cn-chengdu.aliyuncs.com/materials/%E5%AE%9A%E5%88%B6%E6%B4%BB%E5%8A%A8%E5%AE%B6%E5%85%B7%E5%8F%8A%E8%BD%AF%E8%A3%85%E7%89%A9%E6%96%99/WD08-WDAM-MFCHR-003.png,"INSERT INTO materials (code, name, image, description, price, create_time) VALUES ('WD08-WDAM-MFCHR-003', '定制活动家具及软装物料', 'http://renli2026.oss-cn-chengdu.aliyuncs.com/materials/%E5%AE%9A%E5%88%B6%E6%B4%BB%E5%8A%A8%E5%AE%B6%E5%85%B7%E5%8F%8A%E8%BD%AF%E8%A3%85%E7%89%A9%E6%96%99/WD08-WDAM-MFCHR-003.png', '', 0, NOW());"
WD08-WDAM-MFTBL-001,定制活动家具及软装物料,WD08-WDAM-MFTBL-001.png,http://renli2026.oss-cn-chengdu.aliyuncs.com/materials/%E5%AE%9A%E5%88%B6%E6%B4%BB%E5%8A%A8%E5%AE%B6%E5%85%B7%E5%8F%8A%E8%BD%AF%E8%A3%85%E7%89%A9%E6%96%99/WD08-WDAM-MFTBL-001.png,"INSERT INTO materials (code, name, image, description, price, create_time) VALUES ('WD08-WDAM-MFTBL-001', '定制活动家具及软装物料', 'http://renli2026.oss-cn-chengdu.aliyuncs.com/materials/%E5%AE%9A%E5%88%B6%E6%B4%BB%E5%8A%A8%E5%AE%B6%E5%85%B7%E5%8F%8A%E8%BD%AF%E8%A3%85%E7%89%A9%E6%96%99/WD08-WDAM-MFTBL-001.png', '', 0, NOW());"
WD08-WDAM-MFTBL-002,定制活动家具及软装物料,WD08-WDAM-MFTBL-002.png,http://renli2026.oss-cn-chengdu.aliyuncs.com/materials/%E5%AE%9A%E5%88%B6%E6%B4%BB%E5%8A%A8%E5%AE%B6%E5%85%B7%E5%8F%8A%E8%BD%AF%E8%A3%85%E7%89%A9%E6%96%99/WD08-WDAM-MFTBL-002.png,"INSERT INTO materials (code, name, image, description, price, create_time) VALUES ('WD08-WDAM-MFTBL-002', '定制活动家具及软装物料', 'http://renli2026.oss-cn-chengdu.aliyuncs.com/materials/%E5%AE%9A%E5%88%B6%E6%B4%BB%E5%8A%A8%E5%AE%B6%E5%85%B7%E5%8F%8A%E8%BD%AF%E8%A3%85%E7%89%A9%E6%96%99/WD08-WDAM-MFTBL-002.png', '', 0, NOW());"
WD08-WDAM-MFTBL-003,定制活动家具及软装物料,WD08-WDAM-MFTBL-003.png,http://renli2026.oss-cn-chengdu.aliyuncs.com/materials/%E5%AE%9A%E5%88%B6%E6%B4%BB%E5%8A%A8%E5%AE%B6%E5%85%B7%E5%8F%8A%E8%BD%AF%E8%A3%85%E7%89%A9%E6%96%99/WD08-WDAM-MFTBL-003.png,"INSERT INTO materials (code, name, image, description, price, create_time) VALUES ('WD08-WDAM-MFTBL-003', '定制活动家具及软装物料', 'http://renli2026.oss-cn-chengdu.aliyuncs.com/materials/%E5%AE%9A%E5%88%B6%E6%B4%BB%E5%8A%A8%E5%AE%B6%E5%85%B7%E5%8F%8A%E8%BD%AF%E8%A3%85%E7%89%A9%E6%96%99/WD08-WDAM-MFTBL-003.png', '', 0, NOW());"
WD08-WDAM-MFTBL-004,定制活动家具及软装物料,WD08-WDAM-MFTBL-004.png,http://renli2026.oss-cn-chengdu.aliyuncs.com/materials/%E5%AE%9A%E5%88%B6%E6%B4%BB%E5%8A%A8%E5%AE%B6%E5%85%B7%E5%8F%8A%E8%BD%AF%E8%A3%85%E7%89%A9%E6%96%99/WD08-WDAM-MFTBL-004.png,"INSERT INTO materials (code, name, image, description, price, create_time) VALUES ('WD08-WDAM-MFTBL-004', '定制活动家具及软装物料', 'http://renli2026.oss-cn-chengdu.aliyuncs.com/materials/%E5%AE%9A%E5%88%B6%E6%B4%BB%E5%8A%A8%E5%AE%B6%E5%85%B7%E5%8F%8A%E8%BD%AF%E8%A3%85%E7%89%A9%E6%96%99/WD08-WDAM-MFTBL-004.png', '', 0, NOW());"
WD08-WDAM-MFTBL-005,定制活动家具及软装物料,WD08-WDAM-MFTBL-005.png,http://renli2026.oss-cn-chengdu.aliyuncs.com/materials/%E5%AE%9A%E5%88%B6%E6%B4%BB%E5%8A%A8%E5%AE%B6%E5%85%B7%E5%8F%8A%E8%BD%AF%E8%A3%85%E7%89%A9%E6%96%99/WD08-WDAM-MFTBL-005.png,"INSERT INTO materials (code, name, image, description, price, create_time) VALUES ('WD08-WDAM-MFTBL-005', '定制活动家具及软装物料', 'http://renli2026.oss-cn-chengdu.aliyuncs.com/materials/%E5%AE%9A%E5%88%B6%E6%B4%BB%E5%8A%A8%E5%AE%B6%E5%85%B7%E5%8F%8A%E8%BD%AF%E8%A3%85%E7%89%A9%E6%96%99/WD08-WDAM-MFTBL-005.png', '', 0, NOW());"
CMO4-MEGT-CACAW-001,定制玻璃钢雕塑,CMO4-MEGT-CACAW-001.png,http://renli2026.oss-cn-chengdu.aliyuncs.com/materials/%E5%AE%9A%E5%88%B6%E7%8E%BB%E7%92%83%E9%92%A2%E9%9B%95%E5%A1%91/CMO4-MEGT-CACAW-001.png,"INSERT INTO materials (code, name, image, description, price, create_time) VALUES ('CMO4-MEGT-CACAW-001', '定制玻璃钢雕塑', 'http://renli2026.oss-cn-chengdu.aliyuncs.com/materials/%E5%AE%9A%E5%88%B6%E7%8E%BB%E7%92%83%E9%92%A2%E9%9B%95%E5%A1%91/CMO4-MEGT-CACAW-001.png', '', 0, NOW());"
MT01-MEGT-MMCMP-001,定制金属制品,MT01-MEGT-MMCMP-001.png,http://renli2026.oss-cn-chengdu.aliyuncs.com/materials/%E5%AE%9A%E5%88%B6%E9%87%91%E5%B1%9E%E5%88%B6%E5%93%81/MT01-MEGT-MMCMP-001.png,"INSERT INTO materials (code, name, image, description, price, create_time) VALUES ('MT01-MEGT-MMCMP-001', '定制金属制品', 'http://renli2026.oss-cn-chengdu.aliyuncs.com/materials/%E5%AE%9A%E5%88%B6%E9%87%91%E5%B1%9E%E5%88%B6%E5%93%81/MT01-MEGT-MMCMP-001.png', '', 0, NOW());"
MT01-MEGT-MMCMP-002,定制金属制品,MT01-MEGT-MMCMP-002.png,http://renli2026.oss-cn-chengdu.aliyuncs.com/materials/%E5%AE%9A%E5%88%B6%E9%87%91%E5%B1%9E%E5%88%B6%E5%93%81/MT01-MEGT-MMCMP-002.png,"INSERT INTO materials (code, name, image, description, price, create_time) VALUES ('MT01-MEGT-MMCMP-002', '定制金属制品', 'http://renli2026.oss-cn-chengdu.aliyuncs.com/materials/%E5%AE%9A%E5%88%B6%E9%87%91%E5%B1%9E%E5%88%B6%E5%93%81/MT01-MEGT-MMCMP-002.png', '', 0, NOW());"
MT01-MEGT-MMCMP-003,定制金属制品,MT01-MEGT-MMCMP-003.png,http://renli2026.oss-cn-chengdu.aliyuncs.com/materials/%E5%AE%9A%E5%88%B6%E9%87%91%E5%B1%9E%E5%88%B6%E5%93%81/MT01-MEGT-MMCMP-003.png,"INSERT INTO materials (code, name, image, description, price, create_time) VALUES ('MT01-MEGT-MMCMP-003', '定制金属制品', 'http://renli2026.oss-cn-chengdu.aliyuncs.com/materials/%E5%AE%9A%E5%88%B6%E9%87%91%E5%B1%9E%E5%88%B6%E5%93%81/MT01-MEGT-MMCMP-003.png', '', 0, NOW());"
MT08-MEGT-EQCKW-001,定制金属制品,MT08-MEGT-EQCKW-001.png,http://renli2026.oss-cn-chengdu.aliyuncs.com/materials/%E5%AE%9A%E5%88%B6%E9%87%91%E5%B1%9E%E5%88%B6%E5%93%81/MT08-MEGT-EQCKW-001.png,"INSERT INTO materials (code, name, image, description, price, create_time) VALUES ('MT08-MEGT-EQCKW-001', '定制金属制品', 'http://renli2026.oss-cn-chengdu.aliyuncs.com/materials/%E5%AE%9A%E5%88%B6%E9%87%91%E5%B1%9E%E5%88%B6%E5%93%81/MT08-MEGT-EQCKW-001.png', '', 0, NOW());"
MT08-MEGT-EQCKW-002,定制金属制品,MT08-MEGT-EQCKW-002.png,http://renli2026.oss-cn-chengdu.aliyuncs.com/materials/%E5%AE%9A%E5%88%B6%E9%87%91%E5%B1%9E%E5%88%B6%E5%93%81/MT08-MEGT-EQCKW-002.png,"INSERT INTO materials (code, name, image, description, price, create_time) VALUES ('MT08-MEGT-EQCKW-002', '定制金属制品', 'http://renli2026.oss-cn-chengdu.aliyuncs.com/materials/%E5%AE%9A%E5%88%B6%E9%87%91%E5%B1%9E%E5%88%B6%E5%93%81/MT08-MEGT-EQCKW-002.png', '', 0, NOW());"
MT08-MEGT-EQCKW-003,定制金属制品,MT08-MEGT-EQCKW-003.png,http://renli2026.oss-cn-chengdu.aliyuncs.com/materials/%E5%AE%9A%E5%88%B6%E9%87%91%E5%B1%9E%E5%88%B6%E5%93%81/MT08-MEGT-EQCKW-003.png,"INSERT INTO materials (code, name, image, description, price, create_time) VALUES ('MT08-MEGT-EQCKW-003', '定制金属制品', 'http://renli2026.oss-cn-chengdu.aliyuncs.com/materials/%E5%AE%9A%E5%88%B6%E9%87%91%E5%B1%9E%E5%88%B6%E5%93%81/MT08-MEGT-EQCKW-003.png', '', 0, NOW());"
MT08-MEGT-EQCKW-004,定制金属制品,MT08-MEGT-EQCKW-004.png,http://renli2026.oss-cn-chengdu.aliyuncs.com/materials/%E5%AE%9A%E5%88%B6%E9%87%91%E5%B1%9E%E5%88%B6%E5%93%81/MT08-MEGT-EQCKW-004.png,"INSERT INTO materials (code, name, image, description, price, create_time) VALUES ('MT08-MEGT-EQCKW-004', '定制金属制品', 'http://renli2026.oss-cn-chengdu.aliyuncs.com/materials/%E5%AE%9A%E5%88%B6%E9%87%91%E5%B1%9E%E5%88%B6%E5%93%81/MT08-MEGT-EQCKW-004.png', '', 0, NOW());"
MT08-MEGT-EQCKW-005,定制金属制品,MT08-MEGT-EQCKW-005.png,http://renli2026.oss-cn-chengdu.aliyuncs.com/materials/%E5%AE%9A%E5%88%B6%E9%87%91%E5%B1%9E%E5%88%B6%E5%93%81/MT08-MEGT-EQCKW-005.png,"INSERT INTO materials (code, name, image, description, price, create_time) VALUES ('MT08-MEGT-EQCKW-005', '定制金属制品', 'http://renli2026.oss-cn-chengdu.aliyuncs.com/materials/%E5%AE%9A%E5%88%B6%E9%87%91%E5%B1%9E%E5%88%B6%E5%93%81/MT08-MEGT-EQCKW-005.png', '', 0, NOW());"
MT08-MEGT-EQCKW-006,定制金属制品,MT08-MEGT-EQCKW-006.png,http://renli2026.oss-cn-chengdu.aliyuncs.com/materials/%E5%AE%9A%E5%88%B6%E9%87%91%E5%B1%9E%E5%88%B6%E5%93%81/MT08-MEGT-EQCKW-006.png,"INSERT INTO materials (code, name, image, description, price, create_time) VALUES ('MT08-MEGT-EQCKW-006', '定制金属制品', 'http://renli2026.oss-cn-chengdu.aliyuncs.com/materials/%E5%AE%9A%E5%88%B6%E9%87%91%E5%B1%9E%E5%88%B6%E5%93%81/MT08-MEGT-EQCKW-006.png', '', 0, NOW());"
MT08-MEGT-EQCKW-007,定制金属制品,MT08-MEGT-EQCKW-007.png,http://renli2026.oss-cn-chengdu.aliyuncs.com/materials/%E5%AE%9A%E5%88%B6%E9%87%91%E5%B1%9E%E5%88%B6%E5%93%81/MT08-MEGT-EQCKW-007.png,"INSERT INTO materials (code, name, image, description, price, create_time) VALUES ('MT08-MEGT-EQCKW-007', '定制金属制品', 'http://renli2026.oss-cn-chengdu.aliyuncs.com/materials/%E5%AE%9A%E5%88%B6%E9%87%91%E5%B1%9E%E5%88%B6%E5%93%81/MT08-MEGT-EQCKW-007.png', '', 0, NOW());"
MT08-MEGT-EQCKW-008,定制金属制品,MT08-MEGT-EQCKW-008.png,http://renli2026.oss-cn-chengdu.aliyuncs.com/materials/%E5%AE%9A%E5%88%B6%E9%87%91%E5%B1%9E%E5%88%B6%E5%93%81/MT08-MEGT-EQCKW-008.png,"INSERT INTO materials (code, name, image, description, price, create_time) VALUES ('MT08-MEGT-EQCKW-008', '定制金属制品', 'http://renli2026.oss-cn-chengdu.aliyuncs.com/materials/%E5%AE%9A%E5%88%B6%E9%87%91%E5%B1%9E%E5%88%B6%E5%93%81/MT08-MEGT-EQCKW-008.png', '', 0, NOW());"
MT08-MEGT-EQCKW-009,定制金属制品,MT08-MEGT-EQCKW-009.png,http://renli2026.oss-cn-chengdu.aliyuncs.com/materials/%E5%AE%9A%E5%88%B6%E9%87%91%E5%B1%9E%E5%88%B6%E5%93%81/MT08-MEGT-EQCKW-009.png,"INSERT INTO materials (code, name, image, description, price, create_time) VALUES ('MT08-MEGT-EQCKW-009', '定制金属制品', 'http://renli2026.oss-cn-chengdu.aliyuncs.com/materials/%E5%AE%9A%E5%88%B6%E9%87%91%E5%B1%9E%E5%88%B6%E5%93%81/MT08-MEGT-EQCKW-009.png', '', 0, NOW());"
MT08-MEGT-EQCKW-010,定制金属制品,MT08-MEGT-EQCKW-010.png,http://renli2026.oss-cn-chengdu.aliyuncs.com/materials/%E5%AE%9A%E5%88%B6%E9%87%91%E5%B1%9E%E5%88%B6%E5%93%81/MT08-MEGT-EQCKW-010.png,"INSERT INTO materials (code, name, image, description, price, create_time) VALUES ('MT08-MEGT-EQCKW-010', '定制金属制品', 'http://renli2026.oss-cn-chengdu.aliyuncs.com/materials/%E5%AE%9A%E5%88%B6%E9%87%91%E5%B1%9E%E5%88%B6%E5%93%81/MT08-MEGT-EQCKW-010.png', '', 0, NOW());"
MT08-MEGT-EQCKW-011,定制金属制品,MT08-MEGT-EQCKW-011.png,http://renli2026.oss-cn-chengdu.aliyuncs.com/materials/%E5%AE%9A%E5%88%B6%E9%87%91%E5%B1%9E%E5%88%B6%E5%93%81/MT08-MEGT-EQCKW-011.png,"INSERT INTO materials (code, name, image, description, price, create_time) VALUES ('MT08-MEGT-EQCKW-011', '定制金属制品', 'http://renli2026.oss-cn-chengdu.aliyuncs.com/materials/%E5%AE%9A%E5%88%B6%E9%87%91%E5%B1%9E%E5%88%B6%E5%93%81/MT08-MEGT-EQCKW-011.png', '', 0, NOW());"
MT08-MEGT-EQCKW-012,定制金属制品,MT08-MEGT-EQCKW-012.png,http://renli2026.oss-cn-chengdu.aliyuncs.com/materials/%E5%AE%9A%E5%88%B6%E9%87%91%E5%B1%9E%E5%88%B6%E5%93%81/MT08-MEGT-EQCKW-012.png,"INSERT INTO materials (code, name, image, description, price, create_time) VALUES ('MT08-MEGT-EQCKW-012', '定制金属制品', 'http://renli2026.oss-cn-chengdu.aliyuncs.com/materials/%E5%AE%9A%E5%88%B6%E9%87%91%E5%B1%9E%E5%88%B6%E5%93%81/MT08-MEGT-EQCKW-012.png', '', 0, NOW());"
MT08-MEGT-MMCMP-001,定制金属制品,MT08-MEGT-MMCMP-001.png,http://renli2026.oss-cn-chengdu.aliyuncs.com/materials/%E5%AE%9A%E5%88%B6%E9%87%91%E5%B1%9E%E5%88%B6%E5%93%81/MT08-MEGT-MMCMP-001.png,"INSERT INTO materials (code, name, image, description, price, create_time) VALUES ('MT08-MEGT-MMCMP-001', '定制金属制品', 'http://renli2026.oss-cn-chengdu.aliyuncs.com/materials/%E5%AE%9A%E5%88%B6%E9%87%91%E5%B1%9E%E5%88%B6%E5%93%81/MT08-MEGT-MMCMP-001.png', '', 0, NOW());"
MT08-MEGT-MMCMP-002,定制金属制品,MT08-MEGT-MMCMP-002.png,http://renli2026.oss-cn-chengdu.aliyuncs.com/materials/%E5%AE%9A%E5%88%B6%E9%87%91%E5%B1%9E%E5%88%B6%E5%93%81/MT08-MEGT-MMCMP-002.png,"INSERT INTO materials (code, name, image, description, price, create_time) VALUES ('MT08-MEGT-MMCMP-002', '定制金属制品', 'http://renli2026.oss-cn-chengdu.aliyuncs.com/materials/%E5%AE%9A%E5%88%B6%E9%87%91%E5%B1%9E%E5%88%B6%E5%93%81/MT08-MEGT-MMCMP-002.png', '', 0, NOW());"
MT08-MEGT-MMCMP-004,定制金属制品,MT08-MEGT-MMCMP-004.png,http://renli2026.oss-cn-chengdu.aliyuncs.com/materials/%E5%AE%9A%E5%88%B6%E9%87%91%E5%B1%9E%E5%88%B6%E5%93%81/MT08-MEGT-MMCMP-004.png,"INSERT INTO materials (code, name, image, description, price, create_time) VALUES ('MT08-MEGT-MMCMP-004', '定制金属制品', 'http://renli2026.oss-cn-chengdu.aliyuncs.com/materials/%E5%AE%9A%E5%88%B6%E9%87%91%E5%B1%9E%E5%88%B6%E5%93%81/MT08-MEGT-MMCMP-004.png', '', 0, NOW());"
MT08-MEGT-MMCMP-005,定制金属制品,MT08-MEGT-MMCMP-005.png,http://renli2026.oss-cn-chengdu.aliyuncs.com/materials/%E5%AE%9A%E5%88%B6%E9%87%91%E5%B1%9E%E5%88%B6%E5%93%81/MT08-MEGT-MMCMP-005.png,"INSERT INTO materials (code, name, image, description, price, create_time) VALUES ('MT08-MEGT-MMCMP-005', '定制金属制品', 'http://renli2026.oss-cn-chengdu.aliyuncs.com/materials/%E5%AE%9A%E5%88%B6%E9%87%91%E5%B1%9E%E5%88%B6%E5%93%81/MT08-MEGT-MMCMP-005.png', '', 0, NOW());"
MT01-BKCH-EQPRE-001,小型电器及设备,MT01-BKCH-EQPRE-001.png,http://renli2026.oss-cn-chengdu.aliyuncs.com/materials/%E5%B0%8F%E5%9E%8B%E7%94%B5%E5%99%A8%E5%8F%8A%E8%AE%BE%E5%A4%87/MT01-BKCH-EQPRE-001.png,"INSERT INTO materials (code, name, image, description, price, create_time) VALUES ('MT01-BKCH-EQPRE-001', '小型电器及设备', 'http://renli2026.oss-cn-chengdu.aliyuncs.com/materials/%E5%B0%8F%E5%9E%8B%E7%94%B5%E5%99%A8%E5%8F%8A%E8%AE%BE%E5%A4%87/MT01-BKCH-EQPRE-001.png', '', 0, NOW());"
MT01-BKCH-EQPRE-002,小型电器及设备,MT01-BKCH-EQPRE-002.png,http://renli2026.oss-cn-chengdu.aliyuncs.com/materials/%E5%B0%8F%E5%9E%8B%E7%94%B5%E5%99%A8%E5%8F%8A%E8%AE%BE%E5%A4%87/MT01-BKCH-EQPRE-002.png,"INSERT INTO materials (code, name, image, description, price, create_time) VALUES ('MT01-BKCH-EQPRE-002', '小型电器及设备', 'http://renli2026.oss-cn-chengdu.aliyuncs.com/materials/%E5%B0%8F%E5%9E%8B%E7%94%B5%E5%99%A8%E5%8F%8A%E8%AE%BE%E5%A4%87/MT01-BKCH-EQPRE-002.png', '', 0, NOW());"
MT01-BKCH-EQPRE-003,小型电器及设备,MT01-BKCH-EQPRE-003.png,http://renli2026.oss-cn-chengdu.aliyuncs.com/materials/%E5%B0%8F%E5%9E%8B%E7%94%B5%E5%99%A8%E5%8F%8A%E8%AE%BE%E5%A4%87/MT01-BKCH-EQPRE-003.png,"INSERT INTO materials (code, name, image, description, price, create_time) VALUES ('MT01-BKCH-EQPRE-003', '小型电器及设备', 'http://renli2026.oss-cn-chengdu.aliyuncs.com/materials/%E5%B0%8F%E5%9E%8B%E7%94%B5%E5%99%A8%E5%8F%8A%E8%AE%BE%E5%A4%87/MT01-BKCH-EQPRE-003.png', '', 0, NOW());"
MT01-BKCH-EQPRE-004,小型电器及设备,MT01-BKCH-EQPRE-004.png,http://renli2026.oss-cn-chengdu.aliyuncs.com/materials/%E5%B0%8F%E5%9E%8B%E7%94%B5%E5%99%A8%E5%8F%8A%E8%AE%BE%E5%A4%87/MT01-BKCH-EQPRE-004.png,"INSERT INTO materials (code, name, image, description, price, create_time) VALUES ('MT01-BKCH-EQPRE-004', '小型电器及设备', 'http://renli2026.oss-cn-chengdu.aliyuncs.com/materials/%E5%B0%8F%E5%9E%8B%E7%94%B5%E5%99%A8%E5%8F%8A%E8%AE%BE%E5%A4%87/MT01-BKCH-EQPRE-004.png', '', 0, NOW());"
MT01-BKCH-EQPRE-005,小型电器及设备,MT01-BKCH-EQPRE-005.png,http://renli2026.oss-cn-chengdu.aliyuncs.com/materials/%E5%B0%8F%E5%9E%8B%E7%94%B5%E5%99%A8%E5%8F%8A%E8%AE%BE%E5%A4%87/MT01-BKCH-EQPRE-005.png,"INSERT INTO materials (code, name, image, description, price, create_time) VALUES ('MT01-BKCH-EQPRE-005', '小型电器及设备', 'http://renli2026.oss-cn-chengdu.aliyuncs.com/materials/%E5%B0%8F%E5%9E%8B%E7%94%B5%E5%99%A8%E5%8F%8A%E8%AE%BE%E5%A4%87/MT01-BKCH-EQPRE-005.png', '', 0, NOW());"
MT01-BKCH-EQPRE-006,小型电器及设备,MT01-BKCH-EQPRE-006.png,http://renli2026.oss-cn-chengdu.aliyuncs.com/materials/%E5%B0%8F%E5%9E%8B%E7%94%B5%E5%99%A8%E5%8F%8A%E8%AE%BE%E5%A4%87/MT01-BKCH-EQPRE-006.png,"INSERT INTO materials (code, name, image, description, price, create_time) VALUES ('MT01-BKCH-EQPRE-006', '小型电器及设备', 'http://renli2026.oss-cn-chengdu.aliyuncs.com/materials/%E5%B0%8F%E5%9E%8B%E7%94%B5%E5%99%A8%E5%8F%8A%E8%AE%BE%E5%A4%87/MT01-BKCH-EQPRE-006.png', '', 0, NOW());"
CMO4-MEGT-CACAW-002,植物盆栽,CMO4-MEGT-CACAW-002.png,http://renli2026.oss-cn-chengdu.aliyuncs.com/materials/%E6%A4%8D%E7%89%A9%E7%9B%86%E6%A0%BD/CMO4-MEGT-CACAW-002.png,"INSERT INTO materials (code, name, image, description, price, create_time) VALUES ('CMO4-MEGT-CACAW-002', '植物盆栽', 'http://renli2026.oss-cn-chengdu.aliyuncs.com/materials/%E6%A4%8D%E7%89%A9%E7%9B%86%E6%A0%BD/CMO4-MEGT-CACAW-002.png', '', 0, NOW());"
CMO4-MEGT-CACAW-003,植物盆栽,CMO4-MEGT-CACAW-003.png,http://renli2026.oss-cn-chengdu.aliyuncs.com/materials/%E6%A4%8D%E7%89%A9%E7%9B%86%E6%A0%BD/CMO4-MEGT-CACAW-003.png,"INSERT INTO materials (code, name, image, description, price, create_time) VALUES ('CMO4-MEGT-CACAW-003', '植物盆栽', 'http://renli2026.oss-cn-chengdu.aliyuncs.com/materials/%E6%A4%8D%E7%89%A9%E7%9B%86%E6%A0%BD/CMO4-MEGT-CACAW-003.png', '', 0, NOW());"
CE11-BKCHSSASK-001,灯笼,CE11-BKCHSSASK-001.png,http://renli2026.oss-cn-chengdu.aliyuncs.com/materials/%E7%81%AF%E7%AC%BC/CE11-BKCHSSASK-001.png,"INSERT INTO materials (code, name, image, description, price, create_time) VALUES ('CE11-BKCHSSASK-001', '灯笼', 'http://renli2026.oss-cn-chengdu.aliyuncs.com/materials/%E7%81%AF%E7%AC%BC/CE11-BKCHSSASK-001.png', '', 0, NOW());"
LE01-MEMG-SSASK-001,灯笼,LE01-MEMG-SSASK-001.png,http://renli2026.oss-cn-chengdu.aliyuncs.com/materials/%E7%81%AF%E7%AC%BC/LE01-MEMG-SSASK-001.png,"INSERT INTO materials (code, name, image, description, price, create_time) VALUES ('LE01-MEMG-SSASK-001', '灯笼', 'http://renli2026.oss-cn-chengdu.aliyuncs.com/materials/%E7%81%AF%E7%AC%BC/LE01-MEMG-SSASK-001.png', '', 0, NOW());"
LE01-MEMG-SSASK-002,灯笼,LE01-MEMG-SSASK-002.png,http://renli2026.oss-cn-chengdu.aliyuncs.com/materials/%E7%81%AF%E7%AC%BC/LE01-MEMG-SSASK-002.png,"INSERT INTO materials (code, name, image, description, price, create_time) VALUES ('LE01-MEMG-SSASK-002', '灯笼', 'http://renli2026.oss-cn-chengdu.aliyuncs.com/materials/%E7%81%AF%E7%AC%BC/LE01-MEMG-SSASK-002.png', '', 0, NOW());"
LE01-MEMG-SSASK-003,灯笼,LE01-MEMG-SSASK-003.png,http://renli2026.oss-cn-chengdu.aliyuncs.com/materials/%E7%81%AF%E7%AC%BC/LE01-MEMG-SSASK-003.png,"INSERT INTO materials (code, name, image, description, price, create_time) VALUES ('LE01-MEMG-SSASK-003', '灯笼', 'http://renli2026.oss-cn-chengdu.aliyuncs.com/materials/%E7%81%AF%E7%AC%BC/LE01-MEMG-SSASK-003.png', '', 0, NOW());"
LE01-MEMG-SSASK-004,灯笼,LE01-MEMG-SSASK-004.png,http://renli2026.oss-cn-chengdu.aliyuncs.com/materials/%E7%81%AF%E7%AC%BC/LE01-MEMG-SSASK-004.png,"INSERT INTO materials (code, name, image, description, price, create_time) VALUES ('LE01-MEMG-SSASK-004', '灯笼', 'http://renli2026.oss-cn-chengdu.aliyuncs.com/materials/%E7%81%AF%E7%AC%BC/LE01-MEMG-SSASK-004.png', '', 0, NOW());"
LE01-MEMG-SSASK-005,灯笼,LE01-MEMG-SSASK-005.png,http://renli2026.oss-cn-chengdu.aliyuncs.com/materials/%E7%81%AF%E7%AC%BC/LE01-MEMG-SSASK-005.png,"INSERT INTO materials (code, name, image, description, price, create_time) VALUES ('LE01-MEMG-SSASK-005', '灯笼', 'http://renli2026.oss-cn-chengdu.aliyuncs.com/materials/%E7%81%AF%E7%AC%BC/LE01-MEMG-SSASK-005.png', '', 0, NOW());"
LE01-MEMG-SSASK-006,灯笼,LE01-MEMG-SSASK-006.png,http://renli2026.oss-cn-chengdu.aliyuncs.com/materials/%E7%81%AF%E7%AC%BC/LE01-MEMG-SSASK-006.png,"INSERT INTO materials (code, name, image, description, price, create_time) VALUES ('LE01-MEMG-SSASK-006', '灯笼', 'http://renli2026.oss-cn-chengdu.aliyuncs.com/materials/%E7%81%AF%E7%AC%BC/LE01-MEMG-SSASK-006.png', '', 0, NOW());"
LE01-RDDH-SSASK-001,灯笼,LE01-RDDH-SSASK-001.png,http://renli2026.oss-cn-chengdu.aliyuncs.com/materials/%E7%81%AF%E7%AC%BC/LE01-RDDH-SSASK-001.png,"INSERT INTO materials (code, name, image, description, price, create_time) VALUES ('LE01-RDDH-SSASK-001', '灯笼', 'http://renli2026.oss-cn-chengdu.aliyuncs.com/materials/%E7%81%AF%E7%AC%BC/LE01-RDDH-SSASK-001.png', '', 0, NOW());"
LE01-RDDH-SSASK-002,灯笼,LE01-RDDH-SSASK-002.png,http://renli2026.oss-cn-chengdu.aliyuncs.com/materials/%E7%81%AF%E7%AC%BC/LE01-RDDH-SSASK-002.png,"INSERT INTO materials (code, name, image, description, price, create_time) VALUES ('LE01-RDDH-SSASK-002', '灯笼', 'http://renli2026.oss-cn-chengdu.aliyuncs.com/materials/%E7%81%AF%E7%AC%BC/LE01-RDDH-SSASK-002.png', '', 0, NOW());"
LE01-RDDH-SSASK-003,灯笼,LE01-RDDH-SSASK-003.png,http://renli2026.oss-cn-chengdu.aliyuncs.com/materials/%E7%81%AF%E7%AC%BC/LE01-RDDH-SSASK-003.png,"INSERT INTO materials (code, name, image, description, price, create_time) VALUES ('LE01-RDDH-SSASK-003', '灯笼', 'http://renli2026.oss-cn-chengdu.aliyuncs.com/materials/%E7%81%AF%E7%AC%BC/LE01-RDDH-SSASK-003.png', '', 0, NOW());"
CE01-GYHG-ABCEC-001,陶制烧制制品,CE01-GYHG-ABCEC-001.png,http://renli2026.oss-cn-chengdu.aliyuncs.com/materials/%E9%99%B6%E5%88%B6%E7%83%A7%E5%88%B6%E5%88%B6%E5%93%81/CE01-GYHG-ABCEC-001.png,"INSERT INTO materials (code, name, image, description, price, create_time) VALUES ('CE01-GYHG-ABCEC-001', '陶制烧制制品', 'http://renli2026.oss-cn-chengdu.aliyuncs.com/materials/%E9%99%B6%E5%88%B6%E7%83%A7%E5%88%B6%E5%88%B6%E5%93%81/CE01-GYHG-ABCEC-001.png', '', 0, NOW());"
CE01-GYHG-ABCEC-002,陶制烧制制品,CE01-GYHG-ABCEC-002.png,http://renli2026.oss-cn-chengdu.aliyuncs.com/materials/%E9%99%B6%E5%88%B6%E7%83%A7%E5%88%B6%E5%88%B6%E5%93%81/CE01-GYHG-ABCEC-002.png,"INSERT INTO materials (code, name, image, description, price, create_time) VALUES ('CE01-GYHG-ABCEC-002', '陶制烧制制品', 'http://renli2026.oss-cn-chengdu.aliyuncs.com/materials/%E9%99%B6%E5%88%B6%E7%83%A7%E5%88%B6%E5%88%B6%E5%93%81/CE01-GYHG-ABCEC-002.png', '', 0, NOW());"
CE01-GYHG-ABCEC-003,陶制烧制制品,CE01-GYHG-ABCEC-003.png,http://renli2026.oss-cn-chengdu.aliyuncs.com/materials/%E9%99%B6%E5%88%B6%E7%83%A7%E5%88%B6%E5%88%B6%E5%93%81/CE01-GYHG-ABCEC-003.png,"INSERT INTO materials (code, name, image, description, price, create_time) VALUES ('CE01-GYHG-ABCEC-003', '陶制烧制制品', 'http://renli2026.oss-cn-chengdu.aliyuncs.com/materials/%E9%99%B6%E5%88%B6%E7%83%A7%E5%88%B6%E5%88%B6%E5%93%81/CE01-GYHG-ABCEC-003.png', '', 0, NOW());"
CE01-GYHG-ABDET-001,陶制烧制制品,CE01-GYHG-ABDET-001.png,http://renli2026.oss-cn-chengdu.aliyuncs.com/materials/%E9%99%B6%E5%88%B6%E7%83%A7%E5%88%B6%E5%88%B6%E5%93%81/CE01-GYHG-ABDET-001.png,"INSERT INTO materials (code, name, image, description, price, create_time) VALUES ('CE01-GYHG-ABDET-001', '陶制烧制制品', 'http://renli2026.oss-cn-chengdu.aliyuncs.com/materials/%E9%99%B6%E5%88%B6%E7%83%A7%E5%88%B6%E5%88%B6%E5%93%81/CE01-GYHG-ABDET-001.png', '', 0, NOW());"
CE01-GYHG-ABETH-002,陶制烧制制品,CE01-GYHG-ABETH-002.png,http://renli2026.oss-cn-chengdu.aliyuncs.com/materials/%E9%99%B6%E5%88%B6%E7%83%A7%E5%88%B6%E5%88%B6%E5%93%81/CE01-GYHG-ABETH-002.png,"INSERT INTO materials (code, name, image, description, price, create_time) VALUES ('CE01-GYHG-ABETH-002', '陶制烧制制品', 'http://renli2026.oss-cn-chengdu.aliyuncs.com/materials/%E9%99%B6%E5%88%B6%E7%83%A7%E5%88%B6%E5%88%B6%E5%93%81/CE01-GYHG-ABETH-002.png', '', 0, NOW());"
CE01-GYHG-ABHRG-002,陶制烧制制品,CE01-GYHG-ABHRG-002.png,http://renli2026.oss-cn-chengdu.aliyuncs.com/materials/%E9%99%B6%E5%88%B6%E7%83%A7%E5%88%B6%E5%88%B6%E5%93%81/CE01-GYHG-ABHRG-002.png,"INSERT INTO materials (code, name, image, description, price, create_time) VALUES ('CE01-GYHG-ABHRG-002', '陶制烧制制品', 'http://renli2026.oss-cn-chengdu.aliyuncs.com/materials/%E9%99%B6%E5%88%B6%E7%83%A7%E5%88%B6%E5%88%B6%E5%93%81/CE01-GYHG-ABHRG-002.png', '', 0, NOW());"
CE01-GYHG-ABMRR-001,陶制烧制制品,CE01-GYHG-ABMRR-001.png,http://renli2026.oss-cn-chengdu.aliyuncs.com/materials/%E9%99%B6%E5%88%B6%E7%83%A7%E5%88%B6%E5%88%B6%E5%93%81/CE01-GYHG-ABMRR-001.png,"INSERT INTO materials (code, name, image, description, price, create_time) VALUES ('CE01-GYHG-ABMRR-001', '陶制烧制制品', 'http://renli2026.oss-cn-chengdu.aliyuncs.com/materials/%E9%99%B6%E5%88%B6%E7%83%A7%E5%88%B6%E5%88%B6%E5%93%81/CE01-GYHG-ABMRR-001.png', '', 0, NOW());"
CE01-GYHG-ABWBG-001,陶制烧制制品,CE01-GYHG-ABWBG-001.png,http://renli2026.oss-cn-chengdu.aliyuncs.com/materials/%E9%99%B6%E5%88%B6%E7%83%A7%E5%88%B6%E5%88%B6%E5%93%81/CE01-GYHG-ABWBG-001.png,"INSERT INTO materials (code, name, image, description, price, create_time) VALUES ('CE01-GYHG-ABWBG-001', '陶制烧制制品', 'http://renli2026.oss-cn-chengdu.aliyuncs.com/materials/%E9%99%B6%E5%88%B6%E7%83%A7%E5%88%B6%E5%88%B6%E5%93%81/CE01-GYHG-ABWBG-001.png', '', 0, NOW());"
ST08-WDAM-ABTIE-001,陶制烧制制品,ST08-WDAM-ABTIE-001.png,http://renli2026.oss-cn-chengdu.aliyuncs.com/materials/%E9%99%B6%E5%88%B6%E7%83%A7%E5%88%B6%E5%88%B6%E5%93%81/ST08-WDAM-ABTIE-001.png,"INSERT INTO materials (code, name, image, description, price, create_time) VALUES ('ST08-WDAM-ABTIE-001', '陶制烧制制品', 'http://renli2026.oss-cn-chengdu.aliyuncs.com/materials/%E9%99%B6%E5%88%B6%E7%83%A7%E5%88%B6%E5%88%B6%E5%93%81/ST08-WDAM-ABTIE-001.png', '', 0, NOW());"
WD012-WDAM-ABPED-002,陶制烧制制品,WD012-WDAM-ABPED-002.png,http://renli2026.oss-cn-chengdu.aliyuncs.com/materials/%E9%99%B6%E5%88%B6%E7%83%A7%E5%88%B6%E5%88%B6%E5%93%81/WD012-WDAM-ABPED-002.png,"INSERT INTO materials (code, name, image, description, price, create_time) VALUES ('WD012-WDAM-ABPED-002', '陶制烧制制品', 'http://renli2026.oss-cn-chengdu.aliyuncs.com/materials/%E9%99%B6%E5%88%B6%E7%83%A7%E5%88%B6%E5%88%B6%E5%93%81/WD012-WDAM-ABPED-002.png', '', 0, NOW());"
WD08-WDAM-ABCOL-002,陶制烧制制品,WD08-WDAM-ABCOL-002.png,http://renli2026.oss-cn-chengdu.aliyuncs.com/materials/%E9%99%B6%E5%88%B6%E7%83%A7%E5%88%B6%E5%88%B6%E5%93%81/WD08-WDAM-ABCOL-002.png,"INSERT INTO materials (code, name, image, description, price, create_time) VALUES ('WD08-WDAM-ABCOL-002', '陶制烧制制品', 'http://renli2026.oss-cn-chengdu.aliyuncs.com/materials/%E9%99%B6%E5%88%B6%E7%83%A7%E5%88%B6%E5%88%B6%E5%93%81/WD08-WDAM-ABCOL-002.png', '', 0, NOW());"
WD08-WDWDABRAF-001,陶制烧制制品,WD08-WDWDABRAF-001.png,http://renli2026.oss-cn-chengdu.aliyuncs.com/materials/%E9%99%B6%E5%88%B6%E7%83%A7%E5%88%B6%E5%88%B6%E5%93%81/WD08-WDWDABRAF-001.png,"INSERT INTO materials (code, name, image, description, price, create_time) VALUES ('WD08-WDWDABRAF-001', '陶制烧制制品', 'http://renli2026.oss-cn-chengdu.aliyuncs.com/materials/%E9%99%B6%E5%88%B6%E7%83%A7%E5%88%B6%E5%88%B6%E5%93%81/WD08-WDWDABRAF-001.png', '', 0, NOW());"
